Workbook
Name CODIGO: PRIORIZACION[[#All],[CODIGO]]
Name FACTIBILIDAD_DE_INTERVENCIÓN: PRIORIZACION[[#All],[FACTIBILIDAD DE INTERVENCIÓN]]
Name FACTIBILIDAD_DE_INTERVENCIÓN: PRIORIZACION[[#All],[FACTIBILIDAD DE INTERVENCIÓN]]
Name GRADO_DE_SEVERIDAD: '2-PRIORIZACION'!$I$5:$I$59
Name GRAFOP.1.1: '3. RESULTADO IND'!$AW$5:$BH$5
Name GRAVEDAD_DEL_EFECTO: PRIORIZACION[[#All],[GRAVEDAD DEL EFECTO]]
Name GRAVEDAD_DEL_EFECTO: PRIORIZACION[[#All],[GRAVEDAD DEL EFECTO]]
Name INDICADOR: PRIORIZACION[[#All],[INDICADOR]]
Name INDICADOR: PRIORIZACION[[#All],[INDICADOR]]

Sheet FASES MOCA
B1: Plantilla para el monitoreo de la calidad (MOCA) en el Sistema de Información para la Calidad
A22: Fuente imágenes: Flaticon.com
A23: Fuente metodologica: GESTIÓN DEL MEJORAMIENTO CONTINUO DE LA CALIDAD. Orientaciones técnicas para la gestión de los resultados del monitoreo de la calidad. Documento técnico nº 1. Implementación Plan Nacional de Mejoramiento de la Calidad en Salud. Ministerio de Salud y Protección Social. 2016. Disponible en: https://www.minsalud.gov.co/sites/rid/Lists/BibliotecaDigital/RIDE/DE/CA/orientaciones-tecnicas-gestion-resultados-monitoreo-calidad.pdf

Sheet INDICADORES
A1: CODIGO | B1: DOMINIO | C1: NOMBRE DEL INDICADOR | D1: DEFINICIÓN | E1: FORMULA DE CÁLCULO | F1: NUMERADOR | G1: DENOMINADOR | H1: UNIDAD DE MEDIDA | I1: OBSERVACIONES | J1: APLICA A LA IPS | L1: AUXILIAR | M1: ORDEN
A2: P.1.1 | B2: Efectividad | C2: Proporción de gestantes con consulta de control prenatal de primera vez antes de las 12 semanas de gestación | D2: Proporción de gestantes con consulta de control prenatal de primera vez antes de las 12 semanas de gestación | E2: Cociente entre el número de gestantes que ingresan al control prenatal antes de las 12 semanas de gestación y el número total de gestantes en el periodo, multiplicado por 100 y expresado como porcentaje (%). | F2: Número de gestantes que ingresan al control prenatal antes de las 12 semanas de gestación | G2: Total de gestantes | H2: Por 100 (%) | I2: Aplica para IPS, no aplica para los Servicios de Transporte Especial de pacientes | L2: =IF(INDICADORES[[#This Row],[APLICA A LA IPS]]="",0,(INDICADORES[[#This Row],[APLICA A LA IPS]]<>"No")*1) -> 0 | M2: =(RANK($L2,$L$2:$L$56,0)+COUNTIF($L$2:$L2,L2)-1)*L2 -> 0
A3: P.1.2 | B3: Efectividad | C3: Proporción de gestantes con valoración por odontología | D3: Expresa la proporción de gestantes que recibieron consulta de odontología durante su embarazo. | E3: Cociente entre el número de gestantes que recibieron consulta de odontología y el número total de gestantes en un periodo determinado, multiplicado por 100%. | F3: Número de gestantes con valoración por Odontología | G3: Total de gestantes | H3: Por 100 (%) | I3: Aplica para IPS, no aplica para los Servicios de Transporte Especial de pacientes | L3: =IF(INDICADORES[[#This Row],[APLICA A LA IPS]]="",0,(INDICADORES[[#This Row],[APLICA A LA IPS]]<>"No")*1) -> 0 | M3: =(RANK($L3,$L$2:$L$56,0)+COUNTIF($L$2:$L3,L3)-1)*L3 -> 0
A4: P.1.3 | B4: Efectividad | C4: Proporción de partos por cesárea | D4: Expresa la proporción de nacimientos por cesárea en la Institución Prestadora de Servicios de Salud en un periodo determinado. | E4: Cociente entre el número de nacidos vivos por cesárea y el total de nacidos vivos en un periodo determinado, multiplicado por 100%. | F4: Número de nacidos vivos por cesárea | G4: Total de nacidos vivos | H4: Por 100 (%) | I4: Aplica para IPS, no aplica para los Servicios de Transporte Especial de pacientes. | L4: =IF(INDICADORES[[#This Row],[APLICA A LA IPS]]="",0,(INDICADORES[[#This Row],[APLICA A LA IPS]]<>"No")*1) -> 0 | M4: =(RANK($L4,$L$2:$L$56,0)+COUNTIF($L$2:$L4,L4)-1)*L4 -> 0
A5: P.1.4 | B5: Efectividad | C5: Tasa de mortalidad perinatal | D5: Expresa la relación entre de defunciones de fetos de 22 semanas completas (154 días) de gestación o con 500 gramos o más de peso y los siete días completos después del nacimiento, por cada 1.000 nacimientos | E5: Cociente entre el número de muertes fetales con 22 semanas completas (154 días) de gestación o con 500 gramos o más de peso y los siete días completos después del nacimiento y el número de nacidos vivos más el número de muertes fetales con 22 semanas completas (154 días) de gestación o con 500 gramos o más de peso en un periodo determinado multiplicado por 1000. | F5: Número de muertes fetales con 22 semanas completas (154 días) de gestación o con 500 gramos o más de peso y los siete días completos después del nacimiento. | G5: Número total de nacidos vivos más el número de muertes fetales con 22 semanas completas (154 días) de gestación o con 500 gramos o más de peso | H5: Por 1.000 nacimientos | I5: Aplica para IPS, no aplica para los Servicios de Transporte Especial de pacientes. | L5: =IF(INDICADORES[[#This Row],[APLICA A LA IPS]]="",0,(INDICADORES[[#This Row],[APLICA A LA IPS]]<>"No")*1) -> 0 | M5: =(RANK($L5,$L$2:$L$56,0)+COUNTIF($L$2:$L5,L5)-1)*L5 -> 0
A6: P.1.5 | B6: Efectividad | C6: Relación Morbilidad Materna Extrema(MME) / Muerte Materna temprana (MM) | D6: Expresa la relación de MME / MM indica el número de casos de morbilidad materna extrema por cada caso de muerte materna temprana. | E6: Cociente entre el número de casos de Morbilidad Materna Extrema (MME) y el número de casos de Muerte Materna temprana (MM). | F6: Número de casos de MME | G6: Número de casos de muerte materna ( 42 días) | H6: Número absoluto | I6: Se define un caso de morbilidad materna extrema como una mujer con una complicación durante el embarazo, el parto o dentro de los 42 días siguientes a la terminación del embarazo, que pone en riesgo su vida pero sobrevive y que cumple con al menos uno de los criterios de inclusión. Aplica para IPS, no aplica para los Servicios de Transporte Especial de pacientes | L6: =IF(INDICADORES[[#This Row],[APLICA A LA IPS]]="",0,(INDICADORES[[#This Row],[APLICA A LA IPS]]<>"No")*1) -> 0 | M6: =(RANK($L6,$L$2:$L$56,0)+COUNTIF($L$2:$L6,L6)-1)*L6 -> 0
A7: P.1.6 | B7: Efectividad | C7: Proporción de recién nacidos con tamizaje para Hipotiroidismo | D7: Expresa el número de recién nacidos a quienes se les realizó tamizaje para Hipotiroidismo. | E7: Cociente entre el número de recién nacidos a quienes se les realiza tamizaje para Hipotiroidismo y el número de nacidos vios reportados en el período multiplizado por 100 y expresado en (%). | F7: Número de nacidos vivos a quienes se realiza tamizaje de hipotiroidismo | G7: Número total de nacidos vivos reportados | H7: Por 100 (%) | I7: Aplica para IPS, no aplica para los Servicios de Transporte Especial de pacientes | L7: =IF(INDICADORES[[#This Row],[APLICA A LA IPS]]="",0,(INDICADORES[[#This Row],[APLICA A LA IPS]]<>"No")*1) -> 0 | M7: =(RANK($L7,$L$2:$L$56,0)+COUNTIF($L$2:$L7,L7)-1)*L7 -> 0
A8: P.1.7 | B8: Efectividad | C8: Proporción de reingreso hospitalario por Infección Respiratoria Aguda (IRA) en menores de 5 años | D8: Expresa la proporción de reingreso hospitalario por IRA en menores de 5 años, en un periodo determinado | E8: Cociente entre el número de menores de 5 años con reingreso hospitalario por IRA dentro de los 20 días después del primer egreso por IRA, en la misma institución y el número de menores de 5 años con al menos un egreso por IRA multiplicado por 100 y expresado como porcentaje (%). | F8: Número de menores de 5 años con reingreso hospitalario por IRA dentro de los 20 días después del primer egreso por IRA, en la misma institución | G8: Número de menores de 5 años con al menos un egreso por IRA | H8: Por 100 (%) | I8: Aplica para IPS, no aplica para los Servicios de Transporte Especial de pacientes. | L8: =IF(INDICADORES[[#This Row],[APLICA A LA IPS]]="",0,(INDICADORES[[#This Row],[APLICA A LA IPS]]<>"No")*1) -> 0 | M8: =(RANK($L8,$L$2:$L$56,0)+COUNTIF($L$2:$L8,L8)-1)*L8 -> 0
A9: P.1.8 | B9: Efectividad | C9: Letalidad por Infección Respiratoria Aguda (IRA) en menores de 5 años | D9: Expresa la proporción de defunciones de niños menores de 5 años cuya causa básica de muerte fue Infección Respiratoria Aguda (IRA) con relación al número total de menores de 5 años atendidos con diagnóstico de IRA | E9: Cociente entre el número de muertes por IRA en menores de 5 años y número total de menores de 5 años atendidos por diagnóstico de IRA en un periodo determinado multiplicado por 100 y expresado como porcentaje (%). | F9: Número de muertes por IRA en menores de 5 años | G9: Número total de menores de 5 años atendidos por diagnóstico de IRA | H9: Por 100 (%) | I9: Aplica para IPS, no aplica para los Servicios de Transporte Especial de pacientes. | L9: =IF(INDICADORES[[#This Row],[APLICA A LA IPS]]="",0,(INDICADORES[[#This Row],[APLICA A LA IPS]]<>"No")*1) -> 0 | M9: =(RANK($L9,$L$2:$L$56,0)+COUNTIF($L$2:$L9,L9)-1)*L9 -> 0
A10: P.1.9 | B10: Efectividad | C10: Letalidad en menores de 5 años por Enfermedad Diarreica Aguda (EDA) | D10: Expresa la proporción de defunciones de niños menores de 5 años cuya causa básica de muerte fue Enfermedad Diarreica Aguda (EDA) con relación al número total de menores de 5 años atendidos con diagnóstico de EDA. | E10: Cociente entre el número de muertes por EDA en menores de 5 años y Número total de menores de 5 años atendidos con diagnóstico de EDA en un periodo determinado multiplicado por 100 y expresado como porcentaje (%). | F10: Número de muertes por EDA en menores de 5 años | G10: Número total de menores de 5 años atendidos con diagnóstico de EDA | H10: Por 100 (%) | I10: Aplica para IPS, no aplica para los Servicios de Transporte Especial de pacientes | L10: =IF(INDICADORES[[#This Row],[APLICA A LA IPS]]="",0,(INDICADORES[[#This Row],[APLICA A LA IPS]]<>"No")*1) -> 0 | M10: =(RANK($L10,$L$2:$L$56,0)+COUNTIF($L$2:$L10,L10)-1)*L10 -> 0
A11: P.1.10 | B11: Efectividad | C11: Proporción de gestantes con asesoría pre-test para prueba de Virus de la inmunodeficiencia Humana (VIH) | D11: Indica el número de gestantes a quienes se les realizó asesoría pre-test para prueba de VIH (ELISA) | E11: Cociente entre el número de gestantes a quienes se les realizó asesoría pre-test para prueba de VIH (ELISA) y el número total de gestantes por 100 y expresado como porcentaje (%). | F11: Número de gestantes a quienes se les realizó asesoría pretest para prueba de VIH (ELISA) | G11: Total de gestantes | H11: Por 100 (%) | I11: Aplica para IPS, no aplica para los Servicios de Transporte Especial de pacientes | L11: =IF(INDICADORES[[#This Row],[APLICA A LA IPS]]="",0,(INDICADORES[[#This Row],[APLICA A LA IPS]]<>"No")*1) -> 0 | M11: =(RANK($L11,$L$2:$L$56,0)+COUNTIF($L$2:$L11,L11)-1)*L11 -> 0
A12: P.1.11 | B12: Efectividad | C12: Proporción de niños y niñas menores de 18 meses, hijos de madre viviendo con VIH, con diagnóstico de VIH | D12: Proporción de niños y niñas menores de 18 meses, hijos de madre viviendo con VIH, con diagnóstico de VIH. | E12: Cociente entre el número de niños menores de 18 meses con diagnóstico de VIH/Sida hijos de madres con VIH/Sida y el número de menores de 18 meses hijos de madres con VIH/Sida por 100 expresado como porcentaje (%). | F12: Número de niños menores de 18 meses con diagnóstico de VIH/Sida hijos de madres con VIH/Sida | G12: Número de menores de 18 meses hijos de madres con VIH/Sida | H12: Por 100 (%) | I12: Solo aplica para IPS que hayan realizado el control prenatal a la madre y el seguimiento al recien nacido hasta por lo menos los seis meses de edad | L12: =IF(INDICADORES[[#This Row],[APLICA A LA IPS]]="",0,(INDICADORES[[#This Row],[APLICA A LA IPS]]<>"No")*1) -> 0 | M12: =(RANK($L12,$L$2:$L$56,0)+COUNTIF($L$2:$L12,L12)-1)*L12 -> 0
A13: P.1.12 | B13: Efectividad | C13: Proporción de mujeres a las que se les realizó toma de serología en el momento del parto o aborto | D13: Expresa la proporción de mujeres a las que se les realizó serología en el momento del parto o aborto. | E13: Cociente entre el número de mujeres a las que se les realizó toma de serología en el momento del parto o aborto y el número total de gestantes de los últimos 6 meses que a la fecha de corte están en embarazo reportadas por 100 expresado como porcentaje (%). | F13: Número de mujeres a las que se les realizó toma de serología en el momento del parto o aborto | G13: Número total de gestantes de los últimos 6 meses reportadas | H13: Por 100 (%) | I13: Aplica para IPS, no aplica para los Servicios de Transporte Especial de pacientes. | L13: =IF(INDICADORES[[#This Row],[APLICA A LA IPS]]="",0,(INDICADORES[[#This Row],[APLICA A LA IPS]]<>"No")*1) -> 0 | M13: =(RANK($L13,$L$2:$L$56,0)+COUNTIF($L$2:$L13,L13)-1)*L13 -> 0
... A29: P.2.3 | B29: Seguridad | C29: Tasa de Incidencia de Infección del Torrente Sanguíneo Asociada a Catéter (ITS- AC) | D29: Es un estimador del riesgo de ITS-AC en la población de pacientes con catéter central en la Unidad de Cuidado Intensivo-UCI | E29: Cociente entre ITS-AC nuevas en la UCI en un mes de seguimiento y el número de días catéter central en UCI (Adulto o Pediátrica o Neonatal) en un mes de seguimiento por 1.000 catéter central. | F29: Sumatoria de casos nuevos de Infección del Torrente Sanguíneo Asociada a Catéter en un mes de seguimiento. | G29: Número días catéter central en UCI (Adulto o Pediátrica o Neonatal) en un mes de seguimiento | H29: Por 1000 días catéter central | I29: Sólo aplica para UCI Pediátrica, Neonatal y Adulto | L29: =IF(INDICADORES[[#This Row],[APLICA A LA IPS]]="",0,(INDICADORES[[#This Row],[APLICA A LA IPS]]<>"No")*1) -> 0 | M29: =(RANK($L29,$L$2:$L$56,0)+COUNTIF($L$2:$L29,L29)-1)*L29 -> 0
A30: P.2.4 | B30: Seguridad | C30: Proporción de endometritis pos parto vaginal | D30: Es un estimador del riesgo de endometritis pos parto en las gestantes atendidos en la institucion en un mes de seguimiento | E30: Cociente entre número de endometritis pos parto vaginal y el total de partos atendidos en un mes de seguimiento, multiplicado por 100 y expresado en (%) | F30: Número de endometritis pos parto vaginal | G30: Número total de partos atendidos | H30: Por 100 (%) | L30: =IF(INDICADORES[[#This Row],[APLICA A LA IPS]]="",0,(INDICADORES[[#This Row],[APLICA A LA IPS]]<>"No")*1) -> 0 | M30: =(RANK($L30,$L$2:$L$56,0)+COUNTIF($L$2:$L30,L30)-1)*L30 -> 0
A31: P.2.5 | B31: Seguridad | C31: Proporción de endometritis pos cesárea | D31: Es un estimador de riesgo de endometritis pos cesárea en las gestantes atendidas en la institucion en un mes de seguimiento | E31: Cociente entre número total de endometritis pos cesárea y el total de cesáreas realizadas en un mes de seguimiento, multiplicado por 100 y expresado en (%) | F31: Número de endometritis pos cesárea | G31: Número total de cesáreas realizadas | H31: Por 100 (%) | L31: =IF(INDICADORES[[#This Row],[APLICA A LA IPS]]="",0,(INDICADORES[[#This Row],[APLICA A LA IPS]]<>"No")*1) -> 0 | M31: =(RANK($L31,$L$2:$L$56,0)+COUNTIF($L$2:$L31,L31)-1)*L31 -> 0
A32: P.2.6 | B32: Seguridad | C32: Tasa de caída de pacientes en el servicio de hospitalización | D32: Es un estimador de las caídas de pacientes en hospitalización en un mes de seguimiento | E32: Cociente entre el número total de pacientes hospitalizados que sufren caídas en el periodo y la sumatoria de días de estancia de los pacientes en los servicios de hospitalización por 1000. | F32: Número total de pacientes hospitalizados que sufren caídas en el periodo. | G32: Sumatoria de días de estancia de los pacientes en los servicios de hospitalización en el periodo. | H32: Por 1000 días de estancia | I32: Aplica para IPS, no aplica para los Servicios de Transporte Especial de pacientes. | L32: =IF(INDICADORES[[#This Row],[APLICA A LA IPS]]="",0,(INDICADORES[[#This Row],[APLICA A LA IPS]]<>"No")*1) -> 0 | M32: =(RANK($L32,$L$2:$L$56,0)+COUNTIF($L$2:$L32,L32)-1)*L32 -> 0
A33: P.2.7 | B33: Seguridad | C33: Tasa de caída de pacientes en el servicio de urgencias | D33: Es un estimador de las caídas de pacientes en urgencias en un mes de seguimiento. | E33: Cociente entre el número total de pacientes atendidos en urgencias que sufren caídas en el periodo y el total de personas atendidas en urgencias en el periodo por 1000 | F33: Número total de pacientes atendidos en urgencias que sufren caídas en el periodo. | G33: Total de personas atendidas en urgencias en el periodo | H33: Por 1000 personas atendidas en urgencias | I33: Aplica para IPS, no aplica para los Servicios de Transporte Especial de pacientes | L33: =IF(INDICADORES[[#This Row],[APLICA A LA IPS]]="",0,(INDICADORES[[#This Row],[APLICA A LA IPS]]<>"No")*1) -> 0 | M33: =(RANK($L33,$L$2:$L$56,0)+COUNTIF($L$2:$L33,L33)-1)*L33 -> 0
A34: P.2.8 | B34: Seguridad | C34: Tasa de caída de pacientes en el servicio de consulta externa | D34: Es un estimador de las caídas de pacientes en consulta externa en un mes de seguimiento. | E34: Cociente entre el número total de pacientes atendidos en consulta externa que sufren caídas en el periodo y el total de personas atendidas en consulta externa en el periodo por 1000 | F34: Número total de pacientes atendidos en consulta externa que sufren caídas en el periodo | G34: Total de personas atendidas en consulta externa | H34: Por 1000 personas atendidas en consulta externa | I34: Aplica para IPS, no aplica para los Servicios de Transporte Especial de pacientes | L34: =IF(INDICADORES[[#This Row],[APLICA A LA IPS]]="",0,(INDICADORES[[#This Row],[APLICA A LA IPS]]<>"No")*1) -> 0 | M34: =(RANK($L34,$L$2:$L$56,0)+COUNTIF($L$2:$L34,L34)-1)*L34 -> 0
A35: P.2.9 | B35: Seguridad | C35: Tasa de caída de pacientes en el servicio de Apoyo Diagnóstico y Complementación Terapéutica | D35: Es un estimador de las caídas de pacientes en Apoyo Diagnóstico y Complementación Terapéutica en un mes de seguimiento. | E35: Cociente entre el número total de pacientes atendidos en el servicio de Apoyo Diagnóstico y Complementación Terapéutica que sufren caídas en el periodo y el total de personas atendidas en Apoyo Diagnóstico y Complementación Terapéutica en el periodo por 1000 | F35: Número total de pacientes atendidos en el servicio denApoyo Diagnóstico y Complementación Terapéutica que sufren caídas | G35: Total de personas atendidas en el servicio de apoyo diagnóstico y complementación terapéutica. | H35: Por 1000 personas atendidas en Apoyo Diagnóstico y Complementación Terapéutica | I35: Aplica para IPS, no aplica para los Servicios de Transporte Especial de pacientes. | L35: =IF(INDICADORES[[#This Row],[APLICA A LA IPS]]="",0,(INDICADORES[[#This Row],[APLICA A LA IPS]]<>"No")*1) -> 0 | M35: =(RANK($L35,$L$2:$L$56,0)+COUNTIF($L$2:$L35,L35)-1)*L35 -> 0
A36: P.2.10 | B36: Seguridad | C36: Proporción de eventos adversos relacionados con la administración de medicamentos en hospitalización | D36: Expresa el número de eventos adversos relacionados con la administración de medicamentos en el servicio de hospitalización. | E36: Cociente entre el número de eventos adversos relacionados con la administración de medicamentos en hospitalización y el total de egresos de hospitalización en el periodo por 100 expresado como porcentaje (%). | F36: Número de eventos adversos relacionados con la administración de medicamentos en hospitalización. | G36: Total de egresos de hospitalización | H36: Por 100 (%) | I36: Para este indicador el evento adverso solo corresponde a la etapa de administración de medicamentos | L36: =IF(INDICADORES[[#This Row],[APLICA A LA IPS]]="",0,(INDICADORES[[#This Row],[APLICA A LA IPS]]<>"No")*1) -> 0 | M36: =(RANK($L36,$L$2:$L$56,0)+COUNTIF($L$2:$L36,L36)-1)*L36 -> 0
A37: P.2.11 | B37: Seguridad | C37: Proporción de eventos adversos relacionados con la administración de medicamentos en urgencias | D37: Expresa el número de eventos adversos relacionados con la administración de medicamentos en el servicio de urgencias. | E37: Cociente entre el número de eventos adversos relacionados con la administración de medicamentos en urgencias y el total de personas atendidas en urgencias en el periodo por 100 expresado como porcentaje (%) | F37: Número de eventos adversos relacionados con la administración de medicamentos en urgencias. | G37: Total de personas atendidas en urgencias. | H37: Por 100 (%) | I37: Para este indicador el evento adverso solo corresponde a la etapa de administración de medicamentos. Aplica sólo para IPS | L37: =IF(INDICADORES[[#This Row],[APLICA A LA IPS]]="",0,(INDICADORES[[#This Row],[APLICA A LA IPS]]<>"No")*1) -> 0 | M37: =(RANK($L37,$L$2:$L$56,0)+COUNTIF($L$2:$L37,L37)-1)*L37 -> 0
A38: P.2.12 | B38: Seguridad | C38: Tasa de úlceras por presión. | D38: Expresa el número de pacientes hospitalizados que durante su permanencia desarrollaron úlceras por presión en un periodo determinado | E38: Cociente entre el número de pacientes que desarrollan úlceras por presión en la institución y la sumatoria de días de estancia de los pacientes en los servicios de hospitalización por 1000. | F38: Número de pacientes que desarrollan úlceras por presión en la institución en el periodo | G38: Sumatoria de días de estancia de los pacientes en los servicios de hospitalización | H38: Por 1000 días paciente | I38: No aplica en: -Pacientes con diagnóstico principal de la úlcera por presión o diagnóstico secundario presente al ingreso.-Pacientes con diagnóstico de hemiplejía, paraplejía y tetraplejía o con diagnóstico de espina bífida o daño cerebral por anoxia. Aplica para IPS y no aplica para los Servicios de Transporte Especial de pacientes | L38: =IF(INDICADORES[[#This Row],[APLICA A LA IPS]]="",0,(INDICADORES[[#This Row],[APLICA A LA IPS]]<>"No")*1) -> 0 | M38: =(RANK($L38,$L$2:$L$56,0)+COUNTIF($L$2:$L38,L38)-1)*L38 -> 0
A39: P.2.13 | B39: Seguridad | C39: Proporción de reingreso de pacientes al servicio de Urgencias en menos de 72 horas. | D39: Expresa la proporción de pacientes atendidos en urgencias que reingresan al mismo servicio de la misma institución por el mismo diagnóstico de egreso dentro de las 72 horas posteriores dado de alta | E39: Cociente entre el número de pacientes que reingresan al servicio de urgencias en la misma institución antes de 72 horas con el mismo diagnóstico de egreso y el número total de egresos vivos atendidos en el servicio de urgencias durante el periodo definido, multiplicado por 100 expresado como porcentaje (%). | F39: Número de pacientes que reingresan al servicio de urgencias en la misma institución antes de 72 horas con el mismo diagnóstico de egreso | G39: Número total de egresos vivos atendidos en el servicio de urgencias durante el periodo definido | H39: Por 100 (%) | I39: Aplica para IPS y no aplica para los Servicios de Transporte Especial de pacientes. Se debe excluir el reingreso programado | L39: =IF(INDICADORES[[#This Row],[APLICA A LA IPS]]="",0,(INDICADORES[[#This Row],[APLICA A LA IPS]]<>"No")*1) -> 0 | M39: =(RANK($L39,$L$2:$L$56,0)+COUNTIF($L$2:$L39,L39)-1)*L39 -> 0
A40: P.2.14 | B40: Seguridad | C40: Tasa de reingreso de pacientes hospitalizados en menos de 15 días | D40: Expresa la proporción de reingresos de pacientes hospitalizados en menos de 15 días, en un periodo determinado. | E40: Cociente entre el número de pacientes que reingresan al servicio de hospitalización, en la misma institución, antes de 15 días, por el mismo diagnóstico de egreso en el período y el número total de egresos vivos atendidos en el servicio de hospitalización en el periodo por 1000 egresos. | F40: Número de pacientes que reingresan al servicio de hospitalización, en la misma institución,antes de 15 días, por el mismo diagnóstico de egreso en el período | G40: Número total de egresos vivos atendidos en el servicio de hospitalización en el periodo | H40: Por 1000 egresos | I40: Aplica para IPS y no aplica para los Servicios de Transporte Especial de pacientes. | L40: =IF(INDICADORES[[#This Row],[APLICA A LA IPS]]="",0,(INDICADORES[[#This Row],[APLICA A LA IPS]]<>"No")*1) -> 0 | M40: =(RANK($L40,$L$2:$L$56,0)+COUNTIF($L$2:$L40,L40)-1)*L40 -> 0
A41: P.2.15 | B41: Seguridad | C41: Proporción de cancelación de cirugía | D41: Expresa la proporción de cirugías programadas en quirófano que son canceladas por causas atribuibles a la institución. | E41: Cociente entre el número total de cirugías programadas que fueron canceladas por causas atribuibles a la institución y número total de cirugías programadas en un periodo determinado por 100 expresado como porcentaje (%). | F41: Número total de cirugías programadas que fueron canceladas por causas atribuibles a la institución | G41: Número total de cirugías programadas | H41: Por 100 (%) | I41: Incluye los procedimientos quirúrgicos realizados en quirófano de acuerdo a Clasificación Única de Procedimientos CUPS del código 01.0.1.01 al 86.9.7.00 Aplica para IPS y no aplica para los Servicios de Transporte Especial de pacientes | L41: =IF(INDICADORES[[#This Row],[APLICA A LA IPS]]="",0,(INDICADORES[[#This Row],[APLICA A LA IPS]]<>"No")*1) -> 0 | M41: =(RANK($L41,$L$2:$L$56,0)+COUNTIF($L$2:$L41,L41)-1)*L41 -> 0
A42: P.3.1 | B42: Experiencia de la atención | C42: Tiempo promedio de espera para la asignación de cita de Medicina General | D42: Expresa el tiempo de espera en días calendario, que transcurren entre la fecha de solicitud de la cita para consulta por Medicina General de primera vez por parte del paciente/usuario a la IPS y la fecha en que es asignada. | E42: Cociente entre la sumatoria de la diferencia de los días calendario entre la fecha en la que se asignó la cita de Medicina general de primera vez y la fecha en la cual el usuario la solicitó y el número total de citas de Medicina General de primera vez asignadas en un periodo determinado. | F42: Sumatoria de la diferencia de días calendario entre la fecha en la que se asignó la cita de Medicina general de primera vez y la fecha en la cual el usuario la solicitó | G42: Número total de citas de Medicina General de primera vez asignadas | H42: Días | I42: La consulta de primera vez, hace referencia a la primera consulta del paciente que se registra por primera vez en el año, razón por la cual se excluye la consulta de control. Aplica sólo para IPS | L42: =IF(INDICADORES[[#This Row],[APLICA A LA IPS]]="",0,(INDICADORES[[#This Row],[APLICA A LA IPS]]<>"No")*1) -> 0 | M42: =(RANK($L42,$L$2:$L$56,0)+COUNTIF($L$2:$L42,L42)-1)*L42 -> 0
A43: P.3.2 | B43: Experiencia de la atención | C43: Tiempo promedio de espera para la asignación de cita de Odontología General | D43: Expresa el tiempo de espera en días calendario, que transcurren entre la fecha de solicitud de la cita para consulta por Odontología General de primera vez por parte del paciente/usuario a la IPS y la fecha en que es asignada | E43: Cociente entre la sumatoria de la diferencia de días calendario entre la fecha en la que se asignó la cita de Odontología general de primera vez y la fecha en la cual el usuario la solicitó y el número total de citas de Odontología General de primera vez asignadas en el periodo | F43: Sumatoria de la diferencia de días calendario entre la fecha en la que se asignó la cita de Odontología general de primera vez y la fecha en la cual el usuario la solicitó | G43: Número total de citas de Odontología General de primera vez asignadas | H43: Días | I43: La consulta de primera vez, hace referencia a la primera consulta del paciente que se registra por primera vez en el año, razón por la cual se excluye la consulta de control. Aplica para IPS y no aplica para los Servicios de Transporte Especial de Pacientes | L43: =IF(INDICADORES[[#This Row],[APLICA A LA IPS]]="",0,(INDICADORES[[#This Row],[APLICA A LA IPS]]<>"No")*1) -> 0 | M43: =(RANK($L43,$L$2:$L$56,0)+COUNTIF($L$2:$L43,L43)-1)*L43 -> 0
... A56: P.3.15 | B56: Experiencia de la atención | C56: Proporción de usuarios que recomendaría su IPS a familiares y amigos | D56: Expresa la proporción de usuarios que recomendaría su IPS a familiares y amigos | E56: Se calcula como el cociente entre el número de usuarios que respondieron “definitivamente sí” o “probablemente sí” a la pregunta:” ¿recomendaría a sus familiares y amigos esta IPS?”, y el número de usuarios que respondieron la pregunta, por 100 expresado como porcentaje (%) | F56: Número de usuarios que respondieron “definitivamente sí” o “probablemente sí” a la pregunta:” ¿recomendaría a sus familiares y amigos esta IPS?” | G56: Número de usuarios que respondieron la pregunta | H56: Por 100 (%) | I56: Las opciones de respuesta del usuario a la pregunta ¿Recomendaría a sus familiares y amigos esta IPS?” serian: a) Definitivamente no b) Probablemente no c) Probablemente si d) Definitivamente si e) No informa. Aplica para IPS y no aplica para los Servicios de Transporte Especial de pacientes | L56: =IF(INDICADORES[[#This Row],[APLICA A LA IPS]]="",0,(INDICADORES[[#This Row],[APLICA A LA IPS]]<>"No")*1) -> 0 | M56: =(RANK($L56,$L$2:$L$56,0)+COUNTIF($L$2:$L56,L56)-1)*L56 -> 0
A57: Fuente: https://www.minsalud.gov.co/sites/rid/Lists/BibliotecaDigital/RIDE/DE/CA/fichas-tecnicas-indicadores-resolucion-0256-2016.pdf

Sheet 1-ANALISIS
A1: 1- ANÁLISIS DE INDICADORES PARA EL MONITOREO DE LA CALIDAD EN SALUD
A5: No. | B5: CODIGO | C5: INDICADOR A AUTOEVALUAR | D5: META | E5: UNIDAD | F5: 1. RESULTADO TRIMESTRE 1 AÑO xxxx | G5: 2. RESULTADO TRIMESTRE 2 AÑO xxx | H5: 3. RESULTADO TRIMESTRE 3 AÑO xxx | I5: 4. RESULTADO TRIMESTRE 4 AÑO xxxx | J5: DISTANCIA A LA META
A6: =ROW(A1) -> 1 | B6: =IFERROR(INDEX(INDICADORES[[CODIGO]:[OBSERVACIONES]],MATCH(ANALISIS[[#This Row],[No.]],INDICADORES!$M$2:$M$56,0),1),"") | C6: =IFERROR(INDEX(INDICADORES[[CODIGO]:[OBSERVACIONES]],MATCH(ANALISIS[[#This Row],[No.]],INDICADORES!$M$2:$M$56,0),3),"") | E6: =IFERROR(VLOOKUP(ANALISIS[[#This Row],[CODIGO]],GRAFOS!A62:E116,5,FALSE),"") | J6: =IF(I6-D6=0,0,ABS(IFERROR((I6-D6)/D6,""))) -> 0
A7: =ROW(A2) -> 2 | B7: =IFERROR(INDEX(INDICADORES[[CODIGO]:[OBSERVACIONES]],MATCH(ANALISIS[[#This Row],[No.]],INDICADORES!$M$2:$M$56,0),1),"") | C7: =IFERROR(INDEX(INDICADORES[[CODIGO]:[OBSERVACIONES]],MATCH(ANALISIS[[#This Row],[No.]],INDICADORES!$M$2:$M$56,0),3),"") | E7: =IFERROR(VLOOKUP(ANALISIS[[#This Row],[CODIGO]],GRAFOS!A63:E117,5,FALSE),"") | J7: =IF(I7-D7=0,0,ABS(IFERROR((I7-D7)/D7,""))) -> 0
A8: =ROW(A3) -> 3 | B8: =IFERROR(INDEX(INDICADORES[[CODIGO]:[OBSERVACIONES]],MATCH(ANALISIS[[#This Row],[No.]],INDICADORES!$M$2:$M$56,0),1),"") | C8: =IFERROR(INDEX(INDICADORES[[CODIGO]:[OBSERVACIONES]],MATCH(ANALISIS[[#This Row],[No.]],INDICADORES!$M$2:$M$56,0),3),"") | E8: =IFERROR(VLOOKUP(ANALISIS[[#This Row],[CODIGO]],GRAFOS!A64:E118,5,FALSE),"") | J8: =IF(I8-D8=0,0,ABS(IFERROR((I8-D8)/D8,""))) -> 0
A9: =ROW(A4) -> 4 | B9: =IFERROR(INDEX(INDICADORES[[CODIGO]:[OBSERVACIONES]],MATCH(ANALISIS[[#This Row],[No.]],INDICADORES!$M$2:$M$56,0),1),"") | C9: =IFERROR(INDEX(INDICADORES[[CODIGO]:[OBSERVACIONES]],MATCH(ANALISIS[[#This Row],[No.]],INDICADORES!$M$2:$M$56,0),3),"") | E9: =IFERROR(VLOOKUP(ANALISIS[[#This Row],[CODIGO]],GRAFOS!A65:E119,5,FALSE),"") | J9: =IF(I9-D9=0,0,ABS(IFERROR((I9-D9)/D9,""))) -> 0
A10: =ROW(A5) -> 5 | B10: =IFERROR(INDEX(INDICADORES[[CODIGO]:[OBSERVACIONES]],MATCH(ANALISIS[[#This Row],[No.]],INDICADORES!$M$2:$M$56,0),1),"") | C10: =IFERROR(INDEX(INDICADORES[[CODIGO]:[OBSERVACIONES]],MATCH(ANALISIS[[#This Row],[No.]],INDICADORES!$M$2:$M$56,0),3),"") | E10: =IFERROR(VLOOKUP(ANALISIS[[#This Row],[CODIGO]],GRAFOS!A66:E120,5,FALSE),"") | J10: =IF(I10-D10=0,0,ABS(IFERROR((I10-D10)/D10,""))) -> 0
A11: =ROW(A6) -> 6 | B11: =IFERROR(INDEX(INDICADORES[[CODIGO]:[OBSERVACIONES]],MATCH(ANALISIS[[#This Row],[No.]],INDICADORES!$M$2:$M$56,0),1),"") | C11: =IFERROR(INDEX(INDICADORES[[CODIGO]:[OBSERVACIONES]],MATCH(ANALISIS[[#This Row],[No.]],INDICADORES!$M$2:$M$56,0),3),"") | E11: =IFERROR(VLOOKUP(ANALISIS[[#This Row],[CODIGO]],GRAFOS!A67:E121,5,FALSE),"") | J11: =IF(I11-D11=0,0,ABS(IFERROR((I11-D11)/D11,""))) -> 0
A12: =ROW(A7) -> 7 | B12: =IFERROR(INDEX(INDICADORES[[CODIGO]:[OBSERVACIONES]],MATCH(ANALISIS[[#This Row],[No.]],INDICADORES!$M$2:$M$56,0),1),"") | C12: =IFERROR(INDEX(INDICADORES[[CODIGO]:[OBSERVACIONES]],MATCH(ANALISIS[[#This Row],[No.]],INDICADORES!$M$2:$M$56,0),3),"") | E12: =IFERROR(VLOOKUP(ANALISIS[[#This Row],[CODIGO]],GRAFOS!A68:E122,5,FALSE),"") | J12: =IF(I12-D12=0,0,ABS(IFERROR((I12-D12)/D12,""))) -> 0
A13: =ROW(A8) -> 8 | B13: =IFERROR(INDEX(INDICADORES[[CODIGO]:[OBSERVACIONES]],MATCH(ANALISIS[[#This Row],[No.]],INDICADORES!$M$2:$M$56,0),1),"") | C13: =IFERROR(INDEX(INDICADORES[[CODIGO]:[OBSERVACIONES]],MATCH(ANALISIS[[#This Row],[No.]],INDICADORES!$M$2:$M$56,0),3),"") | E13: =IFERROR(VLOOKUP(ANALISIS[[#This Row],[CODIGO]],GRAFOS!A69:E123,5,FALSE),"") | J13: =IF(I13-D13=0,0,ABS(IFERROR((I13-D13)/D13,""))) -> 0
A14: =ROW(A9) -> 9 | B14: =IFERROR(INDEX(INDICADORES[[CODIGO]:[OBSERVACIONES]],MATCH(ANALISIS[[#This Row],[No.]],INDICADORES!$M$2:$M$56,0),1),"") | C14: =IFERROR(INDEX(INDICADORES[[CODIGO]:[OBSERVACIONES]],MATCH(ANALISIS[[#This Row],[No.]],INDICADORES!$M$2:$M$56,0),3),"") | E14: =IFERROR(VLOOKUP(ANALISIS[[#This Row],[CODIGO]],GRAFOS!A70:E124,5,FALSE),"") | J14: =IF(I14-D14=0,0,ABS(IFERROR((I14-D14)/D14,""))) -> 0
A15: =ROW(A10) -> 10 | B15: =IFERROR(INDEX(INDICADORES[[CODIGO]:[OBSERVACIONES]],MATCH(ANALISIS[[#This Row],[No.]],INDICADORES!$M$2:$M$56,0),1),"") | C15: =IFERROR(INDEX(INDICADORES[[CODIGO]:[OBSERVACIONES]],MATCH(ANALISIS[[#This Row],[No.]],INDICADORES!$M$2:$M$56,0),3),"") | E15: =IFERROR(VLOOKUP(ANALISIS[[#This Row],[CODIGO]],GRAFOS!A71:E125,5,FALSE),"") | J15: =IF(I15-D15=0,0,ABS(IFERROR((I15-D15)/D15,""))) -> 0
A16: =ROW(A11) -> 11 | B16: =IFERROR(INDEX(INDICADORES[[CODIGO]:[OBSERVACIONES]],MATCH(ANALISIS[[#This Row],[No.]],INDICADORES!$M$2:$M$56,0),1),"") | C16: =IFERROR(INDEX(INDICADORES[[CODIGO]:[OBSERVACIONES]],MATCH(ANALISIS[[#This Row],[No.]],INDICADORES!$M$2:$M$56,0),3),"") | E16: =IFERROR(VLOOKUP(ANALISIS[[#This Row],[CODIGO]],GRAFOS!A72:E126,5,FALSE),"") | J16: =IF(I16-D16=0,0,ABS(IFERROR((I16-D16)/D16,""))) -> 0
A17: =ROW(A12) -> 12 | B17: =IFERROR(INDEX(INDICADORES[[CODIGO]:[OBSERVACIONES]],MATCH(ANALISIS[[#This Row],[No.]],INDICADORES!$M$2:$M$56,0),1),"") | C17: =IFERROR(INDEX(INDICADORES[[CODIGO]:[OBSERVACIONES]],MATCH(ANALISIS[[#This Row],[No.]],INDICADORES!$M$2:$M$56,0),3),"") | E17: =IFERROR(VLOOKUP(ANALISIS[[#This Row],[CODIGO]],GRAFOS!A73:E127,5,FALSE),"") | J17: =IF(I17-D17=0,0,ABS(IFERROR((I17-D17)/D17,""))) -> 0
... A60: =ROW(A55) -> 55 | B60: =IFERROR(INDEX(INDICADORES[[CODIGO]:[OBSERVACIONES]],MATCH(ANALISIS[[#This Row],[No.]],INDICADORES!$M$2:$M$56,0),1),"") | C60: =IFERROR(INDEX(INDICADORES[[CODIGO]:[OBSERVACIONES]],MATCH(ANALISIS[[#This Row],[No.]],INDICADORES!$M$2:$M$56,0),3),"") | E60: =IFERROR(VLOOKUP(ANALISIS[[#This Row],[CODIGO]],GRAFOS!A116:E170,5,FALSE),"") | J60: =IF(I60-D60=0,0,ABS(IFERROR((I60-D60)/D60,""))) -> 0

Sheet 2-PRIORIZACION
B1: 2- Priorización de Indicadores
G3: CRITERIOS DE PRIORIZACIÓN
B4: No. | C4: ORDEN PRIORIZADO NO BORRAR | D4: CODIGO | E4: INDICADOR | F4: DISTANCIA A LA META | G4: FACTIBILIDAD DE INTERVENCIÓN | H4: GRAVEDAD DEL EFECTO | I4: GRADO DE SEVERIDAD | J4: CATEGORIA DE SEVERIDAD | K4: ¿PRIORIZAR? | L4: CONSULTE EL PLAN DE MEJORA
B5: ='1-ANALISIS'!A6 -> 1 | C5: {=IF(K5="SI",(SUMPRODUCT(((I5<$I$5:$I$59)*1),((K5=$K$5:$K$59)*1))+1),"")} | D5: ='1-ANALISIS'!B6 | E5: ='1-ANALISIS'!C6 | F5: ='1-ANALISIS'!J6 -> 0 | I5: =IF(OR(PRIORIZACION[[#This Row],[FACTIBILIDAD DE INTERVENCIÓN]]="",PRIORIZACION[[#This Row],[GRAVEDAD DEL EFECTO]]=""),"",(PRIORIZACION[[#This Row],[FACTIBILIDAD DE INTERVENCIÓN]]*PRIORIZACION[[#This Row],[GRAVEDAD DEL EFECTO]]-0.000001*ROW(I5))) | J5: =IFERROR(VLOOKUP(G5&";"&H5,CALCULOS!$S$3:$U$18,3,FALSE),"") | K5: =IF(J5="","",IFERROR(IF(OR(J5="Alto",J5="Extremo"),"SI","NO"),"")) | L5: =IF(D5="","",HYPERLINK("#'"&(SUBSTITUTE(D5,".",""))&"'!A1","Consulte el plan de mejora del indicador "&D5))
B6: ='1-ANALISIS'!A7 -> 2 | C6: {=IF(K6="SI",(SUMPRODUCT(((I6<$I$5:$I$59)*1),((K6=$K$5:$K$59)*1))+1),"")} | D6: ='1-ANALISIS'!B7 | E6: ='1-ANALISIS'!C7 | F6: ='1-ANALISIS'!J7 -> 0 | I6: =IF(OR(PRIORIZACION[[#This Row],[FACTIBILIDAD DE INTERVENCIÓN]]="",PRIORIZACION[[#This Row],[GRAVEDAD DEL EFECTO]]=""),"",(PRIORIZACION[[#This Row],[FACTIBILIDAD DE INTERVENCIÓN]]*PRIORIZACION[[#This Row],[GRAVEDAD DEL EFECTO]]-0.000001*ROW(I6))) | J6: =IFERROR(VLOOKUP(G6&";"&H6,CALCULOS!$S$3:$U$18,3,FALSE),"") | K6: =IF(J6="","",IFERROR(IF(OR(J6="Alto",J6="Extremo"),"SI","NO"),"")) | L6: =IF(D6="","",HYPERLINK("#'"&(SUBSTITUTE(D6,".",""))&"'!A1","Consulte el plan de mejora del indicador "&D6))
B7: ='1-ANALISIS'!A8 -> 3 | C7: {=IF(K7="SI",(SUMPRODUCT(((I7<$I$5:$I$59)*1),((K7=$K$5:$K$59)*1))+1),"")} | D7: ='1-ANALISIS'!B8 | E7: ='1-ANALISIS'!C8 | F7: ='1-ANALISIS'!J8 -> 0 | I7: =IF(OR(PRIORIZACION[[#This Row],[FACTIBILIDAD DE INTERVENCIÓN]]="",PRIORIZACION[[#This Row],[GRAVEDAD DEL EFECTO]]=""),"",(PRIORIZACION[[#This Row],[FACTIBILIDAD DE INTERVENCIÓN]]*PRIORIZACION[[#This Row],[GRAVEDAD DEL EFECTO]]-0.000001*ROW(I7))) | J7: =IFERROR(VLOOKUP(G7&";"&H7,CALCULOS!$S$3:$U$18,3,FALSE),"") | K7: =IF(J7="","",IFERROR(IF(OR(J7="Alto",J7="Extremo"),"SI","NO"),"")) | L7: =IF(D7="","",HYPERLINK("#'"&(SUBSTITUTE(D7,".",""))&"'!A1","Consulte el plan de mejora del indicador "&D7))
B8: ='1-ANALISIS'!A9 -> 4 | C8: {=IF(K8="SI",(SUMPRODUCT(((I8<$I$5:$I$59)*1),((K8=$K$5:$K$59)*1))+1),"")} | D8: ='1-ANALISIS'!B9 | E8: ='1-ANALISIS'!C9 | F8: ='1-ANALISIS'!J9 -> 0 | I8: =IF(OR(PRIORIZACION[[#This Row],[FACTIBILIDAD DE INTERVENCIÓN]]="",PRIORIZACION[[#This Row],[GRAVEDAD DEL EFECTO]]=""),"",(PRIORIZACION[[#This Row],[FACTIBILIDAD DE INTERVENCIÓN]]*PRIORIZACION[[#This Row],[GRAVEDAD DEL EFECTO]]-0.000001*ROW(I8))) | J8: =IFERROR(VLOOKUP(G8&";"&H8,CALCULOS!$S$3:$U$18,3,FALSE),"") | K8: =IF(J8="","",IFERROR(IF(OR(J8="Alto",J8="Extremo"),"SI","NO"),"")) | L8: =IF(D8="","",HYPERLINK("#'"&(SUBSTITUTE(D8,".",""))&"'!A1","Consulte el plan de mejora del indicador "&D8))
B9: ='1-ANALISIS'!A10 -> 5 | C9: {=IF(K9="SI",(SUMPRODUCT(((I9<$I$5:$I$59)*1),((K9=$K$5:$K$59)*1))+1),"")} | D9: ='1-ANALISIS'!B10 | E9: ='1-ANALISIS'!C10 | F9: ='1-ANALISIS'!J10 -> 0 | I9: =IF(OR(PRIORIZACION[[#This Row],[FACTIBILIDAD DE INTERVENCIÓN]]="",PRIORIZACION[[#This Row],[GRAVEDAD DEL EFECTO]]=""),"",(PRIORIZACION[[#This Row],[FACTIBILIDAD DE INTERVENCIÓN]]*PRIORIZACION[[#This Row],[GRAVEDAD DEL EFECTO]]-0.000001*ROW(I9))) | J9: =IFERROR(VLOOKUP(G9&";"&H9,CALCULOS!$S$3:$U$18,3,FALSE),"") | K9: =IF(J9="","",IFERROR(IF(OR(J9="Alto",J9="Extremo"),"SI","NO"),"")) | L9: =IF(D9="","",HYPERLINK("#'"&(SUBSTITUTE(D9,".",""))&"'!A1","Consulte el plan de mejora del indicador "&D9))
B10: ='1-ANALISIS'!A11 -> 6 | C10: {=IF(K10="SI",(SUMPRODUCT(((I10<$I$5:$I$59)*1),((K10=$K$5:$K$59)*1))+1),"")} | D10: ='1-ANALISIS'!B11 | E10: ='1-ANALISIS'!C11 | F10: ='1-ANALISIS'!J11 -> 0 | I10: =IF(OR(PRIORIZACION[[#This Row],[FACTIBILIDAD DE INTERVENCIÓN]]="",PRIORIZACION[[#This Row],[GRAVEDAD DEL EFECTO]]=""),"",(PRIORIZACION[[#This Row],[FACTIBILIDAD DE INTERVENCIÓN]]*PRIORIZACION[[#This Row],[GRAVEDAD DEL EFECTO]]-0.000001*ROW(I10))) | J10: =IFERROR(VLOOKUP(G10&";"&H10,CALCULOS!$S$3:$U$18,3,FALSE),"") | K10: =IF(J10="","",IFERROR(IF(OR(J10="Alto",J10="Extremo"),"SI","NO"),"")) | L10: =IF(D10="","",HYPERLINK("#'"&(SUBSTITUTE(D10,".",""))&"'!A1","Consulte el plan de mejora del indicador "&D10))
B11: ='1-ANALISIS'!A12 -> 7 | C11: {=IF(K11="SI",(SUMPRODUCT(((I11<$I$5:$I$59)*1),((K11=$K$5:$K$59)*1))+1),"")} | D11: ='1-ANALISIS'!B12 | E11: ='1-ANALISIS'!C12 | F11: ='1-ANALISIS'!J12 -> 0 | I11: =IF(OR(PRIORIZACION[[#This Row],[FACTIBILIDAD DE INTERVENCIÓN]]="",PRIORIZACION[[#This Row],[GRAVEDAD DEL EFECTO]]=""),"",(PRIORIZACION[[#This Row],[FACTIBILIDAD DE INTERVENCIÓN]]*PRIORIZACION[[#This Row],[GRAVEDAD DEL EFECTO]]-0.000001*ROW(I11))) | J11: =IFERROR(VLOOKUP(G11&";"&H11,CALCULOS!$S$3:$U$18,3,FALSE),"") | K11: =IF(J11="","",IFERROR(IF(OR(J11="Alto",J11="Extremo"),"SI","NO"),"")) | L11: =IF(D11="","",HYPERLINK("#'"&(SUBSTITUTE(D11,".",""))&"'!A1","Consulte el plan de mejora del indicador "&D11))
B12: ='1-ANALISIS'!A13 -> 8 | C12: {=IF(K12="SI",(SUMPRODUCT(((I12<$I$5:$I$59)*1),((K12=$K$5:$K$59)*1))+1),"")} | D12: ='1-ANALISIS'!B13 | E12: ='1-ANALISIS'!C13 | F12: ='1-ANALISIS'!J13 -> 0 | I12: =IF(OR(PRIORIZACION[[#This Row],[FACTIBILIDAD DE INTERVENCIÓN]]="",PRIORIZACION[[#This Row],[GRAVEDAD DEL EFECTO]]=""),"",(PRIORIZACION[[#This Row],[FACTIBILIDAD DE INTERVENCIÓN]]*PRIORIZACION[[#This Row],[GRAVEDAD DEL EFECTO]]-0.000001*ROW(I12))) | J12: =IFERROR(VLOOKUP(G12&";"&H12,CALCULOS!$S$3:$U$18,3,FALSE),"") | K12: =IF(J12="","",IFERROR(IF(OR(J12="Alto",J12="Extremo"),"SI","NO"),"")) | L12: =IF(D12="","",HYPERLINK("#'"&(SUBSTITUTE(D12,".",""))&"'!A1","Consulte el plan de mejora del indicador "&D12))
B13: ='1-ANALISIS'!A14 -> 9 | C13: {=IF(K13="SI",(SUMPRODUCT(((I13<$I$5:$I$59)*1),((K13=$K$5:$K$59)*1))+1),"")} | D13: ='1-ANALISIS'!B14 | E13: ='1-ANALISIS'!C14 | F13: ='1-ANALISIS'!J14 -> 0 | I13: =IF(OR(PRIORIZACION[[#This Row],[FACTIBILIDAD DE INTERVENCIÓN]]="",PRIORIZACION[[#This Row],[GRAVEDAD DEL EFECTO]]=""),"",(PRIORIZACION[[#This Row],[FACTIBILIDAD DE INTERVENCIÓN]]*PRIORIZACION[[#This Row],[GRAVEDAD DEL EFECTO]]-0.000001*ROW(I13))) | J13: =IFERROR(VLOOKUP(G13&";"&H13,CALCULOS!$S$3:$U$18,3,FALSE),"") | K13: =IF(J13="","",IFERROR(IF(OR(J13="Alto",J13="Extremo"),"SI","NO"),"")) | L13: =IF(D13="","",HYPERLINK("#'"&(SUBSTITUTE(D13,".",""))&"'!A1","Consulte el plan de mejora del indicador "&D13))
B14: ='1-ANALISIS'!A15 -> 10 | C14: {=IF(K14="SI",(SUMPRODUCT(((I14<$I$5:$I$59)*1),((K14=$K$5:$K$59)*1))+1),"")} | D14: ='1-ANALISIS'!B15 | E14: ='1-ANALISIS'!C15 | F14: ='1-ANALISIS'!J15 -> 0 | I14: =IF(OR(PRIORIZACION[[#This Row],[FACTIBILIDAD DE INTERVENCIÓN]]="",PRIORIZACION[[#This Row],[GRAVEDAD DEL EFECTO]]=""),"",(PRIORIZACION[[#This Row],[FACTIBILIDAD DE INTERVENCIÓN]]*PRIORIZACION[[#This Row],[GRAVEDAD DEL EFECTO]]-0.000001*ROW(I14))) | J14: =IFERROR(VLOOKUP(G14&";"&H14,CALCULOS!$S$3:$U$18,3,FALSE),"") | K14: =IF(J14="","",IFERROR(IF(OR(J14="Alto",J14="Extremo"),"SI","NO"),"")) | L14: =IF(D14="","",HYPERLINK("#'"&(SUBSTITUTE(D14,".",""))&"'!A1","Consulte el plan de mejora del indicador "&D14))
B15: ='1-ANALISIS'!A16 -> 11 | C15: {=IF(K15="SI",(SUMPRODUCT(((I15<$I$5:$I$59)*1),((K15=$K$5:$K$59)*1))+1),"")} | D15: ='1-ANALISIS'!B16 | E15: ='1-ANALISIS'!C16 | F15: ='1-ANALISIS'!J16 -> 0 | I15: =IF(OR(PRIORIZACION[[#This Row],[FACTIBILIDAD DE INTERVENCIÓN]]="",PRIORIZACION[[#This Row],[GRAVEDAD DEL EFECTO]]=""),"",(PRIORIZACION[[#This Row],[FACTIBILIDAD DE INTERVENCIÓN]]*PRIORIZACION[[#This Row],[GRAVEDAD DEL EFECTO]]-0.000001*ROW(I15))) | J15: =IFERROR(VLOOKUP(G15&";"&H15,CALCULOS!$S$3:$U$18,3,FALSE),"") | K15: =IF(J15="","",IFERROR(IF(OR(J15="Alto",J15="Extremo"),"SI","NO"),"")) | L15: =IF(D15="","",HYPERLINK("#'"&(SUBSTITUTE(D15,".",""))&"'!A1","Consulte el plan de mejora del indicador "&D15))
B16: ='1-ANALISIS'!A17 -> 12 | C16: {=IF(K16="SI",(SUMPRODUCT(((I16<$I$5:$I$59)*1),((K16=$K$5:$K$59)*1))+1),"")} | D16: ='1-ANALISIS'!B17 | E16: ='1-ANALISIS'!C17 | F16: ='1-ANALISIS'!J17 -> 0 | I16: =IF(OR(PRIORIZACION[[#This Row],[FACTIBILIDAD DE INTERVENCIÓN]]="",PRIORIZACION[[#This Row],[GRAVEDAD DEL EFECTO]]=""),"",(PRIORIZACION[[#This Row],[FACTIBILIDAD DE INTERVENCIÓN]]*PRIORIZACION[[#This Row],[GRAVEDAD DEL EFECTO]]-0.000001*ROW(I16))) | J16: =IFERROR(VLOOKUP(G16&";"&H16,CALCULOS!$S$3:$U$18,3,FALSE),"") | K16: =IF(J16="","",IFERROR(IF(OR(J16="Alto",J16="Extremo"),"SI","NO"),"")) | L16: =IF(D16="","",HYPERLINK("#'"&(SUBSTITUTE(D16,".",""))&"'!A1","Consulte el plan de mejora del indicador "&D16))
... B59: ='1-ANALISIS'!A60 -> 55 | C59: {=IF(K59="SI",(SUMPRODUCT(((I59<$I$5:$I$59)*1),((K59=$K$5:$K$59)*1))+1),"")} | D59: ='1-ANALISIS'!B60 | E59: ='1-ANALISIS'!C60 | F59: ='1-ANALISIS'!J60 -> 0 | I59: =IF(OR(PRIORIZACION[[#This Row],[FACTIBILIDAD DE INTERVENCIÓN]]="",PRIORIZACION[[#This Row],[GRAVEDAD DEL EFECTO]]=""),"",(PRIORIZACION[[#This Row],[FACTIBILIDAD DE INTERVENCIÓN]]*PRIORIZACION[[#This Row],[GRAVEDAD DEL EFECTO]]-0.000001*ROW(I59))) | J59: =IFERROR(VLOOKUP(G59&";"&H59,CALCULOS!$S$3:$U$18,3,FALSE),"") | K59: =IF(J59="","",IFERROR(IF(OR(J59="Alto",J59="Extremo"),"SI","NO"),"")) | L59: =IF(D59="","",HYPERLINK("#'"&(SUBSTITUTE(D59,".",""))&"'!A1","Consulte el plan de mejora del indicador "&D59))

Sheet 2.A CRITERIOS
B4: CRITERIOS DE PRIORIZACIÓN
B5: La factibilidad de intervención se refiere a la capacidad institucional para dar viabilidad a la resolución del problema. La calificación de este criterio debe considerar la disponibilidad de intervenciones costo-efectivas para el efecto en evaluación, así como la posibilidad de gestionar su riesgo. De igual forma, se debe contemplar la factibilidad económica para desarrollar las intervenciones, la aceptabilidad de las intervenciones posibles, los recursos disponibles y la legalidad de la intervención. | E5: La gravedad debe considerar tanto la magnitud –es decir, qué tanta población está siendo afectada por el efecto en evaluación– como la contribución en la carga de mortalidad (enfermedad) del efecto. Asimismo, debe tener en cuenta el potencial de mortalidad prematura o discapacidad relativa y el alto costo que el efecto en evaluación puede generar a los servicios de salud, entre otras características que determinen la gravedad del efecto, tales como amenaza al desarrollo humano o amenaza al derecho a la salud
B6: Escala de factibilidad de intervención | E6: Escala de gravedad del efecto
B7: VALORACIÓN | C7: CRITERIO | E7: VALORACIÓN | F7: CRITERIO
B8: 1 | C8: Factible solo a largo plazo | E8: 1 | F8: Poco grave
B9: 2 | C9: Factible a mediano o largo plazo | E9: 2 | F9: Moderadamente grave
B10: 3 | C10: Factible a corto plazo | E10: 3 | F10: Grave
B11: 4 | C11: Muy factible a corto plazo | E11: 4 | F11: Muy grave

Sheet CALCULOS
B2: 1 | C2: 2 | D2: 3 | E2: 4 | F2: 5 | G2: 6 | H2: 7 | I2: 8 | J2: 9 | K2: 10 | L2: 11 | M2: 12 | N2: 13 | O2: 14 | P2: 15 | Q2: 16 | S2: FACTIBILIDAD X GRAVEDAD | V2: POS MR | W2: POS MR1 | X2: NIVEL PRIORIZACIÓN
A3: ='2-PRIORIZACION'!D5 | B3: =IF($W3=B$2,$A3&" ","") | C3: =IF($W3=C$2,$A3&" ","") | D3: =IF($W3=D$2,$A3&" ","") | E3: =IF($W3=E$2,$A3&" ","") | F3: =IF($W3=F$2,$A3&" ","") | G3: =IF($W3=G$2,$A3&" ","") | H3: =IF($W3=H$2,$A3&" ","") | I3: =IF($W3=I$2,$A3&" ","") | ... Q3: =IF($W3=Q$2,$A3&" ","") | S3: 1;1 | T3: 1 | U3: Bajo | V3: ='2-PRIORIZACION'!G5&";"&'2-PRIORIZACION'!H5 -> ; | W3: =IFERROR(VLOOKUP(V3,$S$3:$T$18,2,FALSE),"") | X3: =IFERROR(VLOOKUP(W3,$T$3:$U$18,2),"")
A4: ='2-PRIORIZACION'!D6 | B4: =IF($W4=B$2,$A4&" ","") | C4: =IF($W4=C$2,$A4&" ","") | D4: =IF($W4=D$2,$A4&" ","") | E4: =IF($W4=E$2,$A4&" ","") | F4: =IF($W4=F$2,$A4&" ","") | G4: =IF($W4=G$2,$A4&" ","") | H4: =IF($W4=H$2,$A4&" ","") | I4: =IF($W4=I$2,$A4&" ","") | ... Q4: =IF($W4=Q$2,$A4&" ","") | S4: 1;2 | T4: 2 | U4: Bajo | V4: ='2-PRIORIZACION'!G6&";"&'2-PRIORIZACION'!H6 -> ; | W4: =IFERROR(VLOOKUP(V4,$S$3:$T$18,2,FALSE),"") | X4: =IFERROR(VLOOKUP(W4,$T$3:$U$18,2),"")
A5: ='2-PRIORIZACION'!D7 | B5: =IF($W5=B$2,$A5&" ","") | C5: =IF($W5=C$2,$A5&" ","") | D5: =IF($W5=D$2,$A5&" ","") | E5: =IF($W5=E$2,$A5&" ","") | F5: =IF($W5=F$2,$A5&" ","") | G5: =IF($W5=G$2,$A5&" ","") | H5: =IF($W5=H$2,$A5&" ","") | I5: =IF($W5=I$2,$A5&" ","") | ... Q5: =IF($W5=Q$2,$A5&" ","") | S5: 1;3 | T5: 3 | U5: Bajo | V5: ='2-PRIORIZACION'!G7&";"&'2-PRIORIZACION'!H7 -> ; | W5: =IFERROR(VLOOKUP(V5,$S$3:$T$18,2,FALSE),"") | X5: =IFERROR(VLOOKUP(W5,$T$3:$U$18,2),"")
A6: ='2-PRIORIZACION'!D8 | B6: =IF($W6=B$2,$A6&" ","") | C6: =IF($W6=C$2,$A6&" ","") | D6: =IF($W6=D$2,$A6&" ","") | E6: =IF($W6=E$2,$A6&" ","") | F6: =IF($W6=F$2,$A6&" ","") | G6: =IF($W6=G$2,$A6&" ","") | H6: =IF($W6=H$2,$A6&" ","") | I6: =IF($W6=I$2,$A6&" ","") | ... Q6: =IF($W6=Q$2,$A6&" ","") | S6: 1;4 | T6: 4 | U6: Moderado | V6: ='2-PRIORIZACION'!G8&";"&'2-PRIORIZACION'!H8 -> ; | W6: =IFERROR(VLOOKUP(V6,$S$3:$T$18,2,FALSE),"") | X6: =IFERROR(VLOOKUP(W6,$T$3:$U$18,2),"")
A7: ='2-PRIORIZACION'!D9 | B7: =IF($W7=B$2,$A7&" ","") | C7: =IF($W7=C$2,$A7&" ","") | D7: =IF($W7=D$2,$A7&" ","") | E7: =IF($W7=E$2,$A7&" ","") | F7: =IF($W7=F$2,$A7&" ","") | G7: =IF($W7=G$2,$A7&" ","") | H7: =IF($W7=H$2,$A7&" ","") | I7: =IF($W7=I$2,$A7&" ","") | ... Q7: =IF($W7=Q$2,$A7&" ","") | S7: 2;1 | T7: 5 | U7: Bajo | V7: ='2-PRIORIZACION'!G9&";"&'2-PRIORIZACION'!H9 -> ; | W7: =IFERROR(VLOOKUP(V7,$S$3:$T$18,2,FALSE),"") | X7: =IFERROR(VLOOKUP(W7,$T$3:$U$18,2),"")
A8: ='2-PRIORIZACION'!D10 | B8: =IF($W8=B$2,$A8&" ","") | C8: =IF($W8=C$2,$A8&" ","") | D8: =IF($W8=D$2,$A8&" ","") | E8: =IF($W8=E$2,$A8&" ","") | F8: =IF($W8=F$2,$A8&" ","") | G8: =IF($W8=G$2,$A8&" ","") | H8: =IF($W8=H$2,$A8&" ","") | I8: =IF($W8=I$2,$A8&" ","") | ... Q8: =IF($W8=Q$2,$A8&" ","") | S8: 2;2 | T8: 6 | U8: Bajo | V8: ='2-PRIORIZACION'!G10&";"&'2-PRIORIZACION'!H10 -> ; | W8: =IFERROR(VLOOKUP(V8,$S$3:$T$18,2,FALSE),"") | X8: =IFERROR(VLOOKUP(W8,$T$3:$U$18,2),"")
A9: ='2-PRIORIZACION'!D11 | B9: =IF($W9=B$2,$A9&" ","") | C9: =IF($W9=C$2,$A9&" ","") | D9: =IF($W9=D$2,$A9&" ","") | E9: =IF($W9=E$2,$A9&" ","") | F9: =IF($W9=F$2,$A9&" ","") | G9: =IF($W9=G$2,$A9&" ","") | H9: =IF($W9=H$2,$A9&" ","") | I9: =IF($W9=I$2,$A9&" ","") | ... Q9: =IF($W9=Q$2,$A9&" ","") | S9: 2;3 | T9: 7 | U9: Moderado | V9: ='2-PRIORIZACION'!G11&";"&'2-PRIORIZACION'!H11 -> ; | W9: =IFERROR(VLOOKUP(V9,$S$3:$T$18,2,FALSE),"") | X9: =IFERROR(VLOOKUP(W9,$T$3:$U$18,2),"")
A10: ='2-PRIORIZACION'!D12 | B10: =IF($W10=B$2,$A10&" ","") | C10: =IF($W10=C$2,$A10&" ","") | D10: =IF($W10=D$2,$A10&" ","") | E10: =IF($W10=E$2,$A10&" ","") | F10: =IF($W10=F$2,$A10&" ","") | G10: =IF($W10=G$2,$A10&" ","") | H10: =IF($W10=H$2,$A10&" ","") | I10: =IF($W10=I$2,$A10&" ","") | ... Q10: =IF($W10=Q$2,$A10&" ","") | S10: 2;4 | T10: 8 | U10: Alto | V10: ='2-PRIORIZACION'!G12&";"&'2-PRIORIZACION'!H12 -> ; | W10: =IFERROR(VLOOKUP(V10,$S$3:$T$18,2,FALSE),"") | X10: =IFERROR(VLOOKUP(W10,$T$3:$U$18,2),"")
A11: ='2-PRIORIZACION'!D13 | B11: =IF($W11=B$2,$A11&" ","") | C11: =IF($W11=C$2,$A11&" ","") | D11: =IF($W11=D$2,$A11&" ","") | E11: =IF($W11=E$2,$A11&" ","") | F11: =IF($W11=F$2,$A11&" ","") | G11: =IF($W11=G$2,$A11&" ","") | H11: =IF($W11=H$2,$A11&" ","") | I11: =IF($W11=I$2,$A11&" ","") | ... Q11: =IF($W11=Q$2,$A11&" ","") | S11: 3;1 | T11: 9 | U11: Bajo | V11: ='2-PRIORIZACION'!G13&";"&'2-PRIORIZACION'!H13 -> ; | W11: =IFERROR(VLOOKUP(V11,$S$3:$T$18,2,FALSE),"") | X11: =IFERROR(VLOOKUP(W11,$T$3:$U$18,2),"")
A12: ='2-PRIORIZACION'!D14 | B12: =IF($W12=B$2,$A12&" ","") | C12: =IF($W12=C$2,$A12&" ","") | D12: =IF($W12=D$2,$A12&" ","") | E12: =IF($W12=E$2,$A12&" ","") | F12: =IF($W12=F$2,$A12&" ","") | G12: =IF($W12=G$2,$A12&" ","") | H12: =IF($W12=H$2,$A12&" ","") | I12: =IF($W12=I$2,$A12&" ","") | ... Q12: =IF($W12=Q$2,$A12&" ","") | S12: 3;2 | T12: 10 | U12: Moderado | V12: ='2-PRIORIZACION'!G14&";"&'2-PRIORIZACION'!H14 -> ; | W12: =IFERROR(VLOOKUP(V12,$S$3:$T$18,2,FALSE),"") | X12: =IFERROR(VLOOKUP(W12,$T$3:$U$18,2),"")
A13: ='2-PRIORIZACION'!D15 | B13: =IF($W13=B$2,$A13&" ","") | C13: =IF($W13=C$2,$A13&" ","") | D13: =IF($W13=D$2,$A13&" ","") | E13: =IF($W13=E$2,$A13&" ","") | F13: =IF($W13=F$2,$A13&" ","") | G13: =IF($W13=G$2,$A13&" ","") | H13: =IF($W13=H$2,$A13&" ","") | I13: =IF($W13=I$2,$A13&" ","") | ... Q13: =IF($W13=Q$2,$A13&" ","") | S13: 3;3 | T13: 11 | U13: Alto | V13: ='2-PRIORIZACION'!G15&";"&'2-PRIORIZACION'!H15 -> ; | W13: =IFERROR(VLOOKUP(V13,$S$3:$T$18,2,FALSE),"") | X13: =IFERROR(VLOOKUP(W13,$T$3:$U$18,2),"")
A14: ='2-PRIORIZACION'!D16 | B14: =IF($W14=B$2,$A14&" ","") | C14: =IF($W14=C$2,$A14&" ","") | D14: =IF($W14=D$2,$A14&" ","") | E14: =IF($W14=E$2,$A14&" ","") | F14: =IF($W14=F$2,$A14&" ","") | G14: =IF($W14=G$2,$A14&" ","") | H14: =IF($W14=H$2,$A14&" ","") | I14: =IF($W14=I$2,$A14&" ","") | ... Q14: =IF($W14=Q$2,$A14&" ","") | S14: 3;4 | T14: 12 | U14: Extremo | V14: ='2-PRIORIZACION'!G16&";"&'2-PRIORIZACION'!H16 -> ; | W14: =IFERROR(VLOOKUP(V14,$S$3:$T$18,2,FALSE),"") | X14: =IFERROR(VLOOKUP(W14,$T$3:$U$18,2),"")
... A18: ='2-PRIORIZACION'!D20 | B18: =IF($W18=B$2,$A18&" ","") | C18: =IF($W18=C$2,$A18&" ","") | D18: =IF($W18=D$2,$A18&" ","") | E18: =IF($W18=E$2,$A18&" ","") | F18: =IF($W18=F$2,$A18&" ","") | G18: =IF($W18=G$2,$A18&" ","") | H18: =IF($W18=H$2,$A18&" ","") | I18: =IF($W18=I$2,$A18&" ","") | ... Q18: =IF($W18=Q$2,$A18&" ","") | S18: 4;4 | T18: 16 | U18: Extremo | V18: ='2-PRIORIZACION'!G20&";"&'2-PRIORIZACION'!H20 -> ; | W18: =IFERROR(VLOOKUP(V18,$S$3:$T$18,2,FALSE),"") | X18: =IFERROR(VLOOKUP(W18,$T$3:$U$18,2),"")
A19: ='2-PRIORIZACION'!D21 | B19: =IF($W19=B$2,$A19&" ","") | C19: =IF($W19=C$2,$A19&" ","") | D19: =IF($W19=D$2,$A19&" ","") | E19: =IF($W19=E$2,$A19&" ","") | F19: =IF($W19=F$2,$A19&" ","") | G19: =IF($W19=G$2,$A19&" ","") | H19: =IF($W19=H$2,$A19&" ","") | I19: =IF($W19=I$2,$A19&" ","") | ... Q19: =IF($W19=Q$2,$A19&" ","") | V19: ='2-PRIORIZACION'!G21&";"&'2-PRIORIZACION'!H21 -> ; | W19: =IFERROR(VLOOKUP(V19,$S$3:$T$18,2,FALSE),"") | X19: =IFERROR(VLOOKUP(W19,$T$3:$U$18,2),"")
A20: ='2-PRIORIZACION'!D22 | B20: =IF($W20=B$2,$A20&" ","") | C20: =IF($W20=C$2,$A20&" ","") | D20: =IF($W20=D$2,$A20&" ","") | E20: =IF($W20=E$2,$A20&" ","") | F20: =IF($W20=F$2,$A20&" ","") | G20: =IF($W20=G$2,$A20&" ","") | H20: =IF($W20=H$2,$A20&" ","") | I20: =IF($W20=I$2,$A20&" ","") | ... Q20: =IF($W20=Q$2,$A20&" ","") | V20: ='2-PRIORIZACION'!G22&";"&'2-PRIORIZACION'!H22 -> ; | W20: =IFERROR(VLOOKUP(V20,$S$3:$T$18,2,FALSE),"") | X20: =IFERROR(VLOOKUP(W20,$T$3:$U$18,2),"")
A21: ='2-PRIORIZACION'!D23 | B21: =IF($W21=B$2,$A21&" ","") | C21: =IF($W21=C$2,$A21&" ","") | D21: =IF($W21=D$2,$A21&" ","") | E21: =IF($W21=E$2,$A21&" ","") | F21: =IF($W21=F$2,$A21&" ","") | G21: =IF($W21=G$2,$A21&" ","") | H21: =IF($W21=H$2,$A21&" ","") | I21: =IF($W21=I$2,$A21&" ","") | ... Q21: =IF($W21=Q$2,$A21&" ","") | V21: ='2-PRIORIZACION'!G23&";"&'2-PRIORIZACION'!H23 -> ; | W21: =IFERROR(VLOOKUP(V21,$S$3:$T$18,2,FALSE),"") | X21: =IFERROR(VLOOKUP(W21,$T$3:$U$18,2),"")
A22: ='2-PRIORIZACION'!D24 | B22: =IF($W22=B$2,$A22&" ","") | C22: =IF($W22=C$2,$A22&" ","") | D22: =IF($W22=D$2,$A22&" ","") | E22: =IF($W22=E$2,$A22&" ","") | F22: =IF($W22=F$2,$A22&" ","") | G22: =IF($W22=G$2,$A22&" ","") | H22: =IF($W22=H$2,$A22&" ","") | I22: =IF($W22=I$2,$A22&" ","") | ... Q22: =IF($W22=Q$2,$A22&" ","") | V22: ='2-PRIORIZACION'!G24&";"&'2-PRIORIZACION'!H24 -> ; | W22: =IFERROR(VLOOKUP(V22,$S$3:$T$18,2,FALSE),"") | X22: =IFERROR(VLOOKUP(W22,$T$3:$U$18,2),"")
A23: ='2-PRIORIZACION'!D25 | B23: =IF($W23=B$2,$A23&" ","") | C23: =IF($W23=C$2,$A23&" ","") | D23: =IF($W23=D$2,$A23&" ","") | E23: =IF($W23=E$2,$A23&" ","") | F23: =IF($W23=F$2,$A23&" ","") | G23: =IF($W23=G$2,$A23&" ","") | H23: =IF($W23=H$2,$A23&" ","") | I23: =IF($W23=I$2,$A23&" ","") | ... Q23: =IF($W23=Q$2,$A23&" ","") | V23: ='2-PRIORIZACION'!G25&";"&'2-PRIORIZACION'!H25 -> ; | W23: =IFERROR(VLOOKUP(V23,$S$3:$T$18,2,FALSE),"") | X23: =IFERROR(VLOOKUP(W23,$T$3:$U$18,2),"")
A24: ='2-PRIORIZACION'!D26 | B24: =IF($W24=B$2,$A24&" ","") | C24: =IF($W24=C$2,$A24&" ","") | D24: =IF($W24=D$2,$A24&" ","") | E24: =IF($W24=E$2,$A24&" ","") | F24: =IF($W24=F$2,$A24&" ","") | G24: =IF($W24=G$2,$A24&" ","") | H24: =IF($W24=H$2,$A24&" ","") | I24: =IF($W24=I$2,$A24&" ","") | ... Q24: =IF($W24=Q$2,$A24&" ","") | V24: ='2-PRIORIZACION'!G26&";"&'2-PRIORIZACION'!H26 -> ; | W24: =IFERROR(VLOOKUP(V24,$S$3:$T$18,2,FALSE),"") | X24: =IFERROR(VLOOKUP(W24,$T$3:$U$18,2),"")
A25: ='2-PRIORIZACION'!D27 | B25: =IF($W25=B$2,$A25&" ","") | C25: =IF($W25=C$2,$A25&" ","") | D25: =IF($W25=D$2,$A25&" ","") | E25: =IF($W25=E$2,$A25&" ","") | F25: =IF($W25=F$2,$A25&" ","") | G25: =IF($W25=G$2,$A25&" ","") | H25: =IF($W25=H$2,$A25&" ","") | I25: =IF($W25=I$2,$A25&" ","") | ... Q25: =IF($W25=Q$2,$A25&" ","") | V25: ='2-PRIORIZACION'!G27&";"&'2-PRIORIZACION'!H27 -> ; | W25: =IFERROR(VLOOKUP(V25,$S$3:$T$18,2,FALSE),"") | X25: =IFERROR(VLOOKUP(W25,$T$3:$U$18,2),"")
A26: ='2-PRIORIZACION'!D28 | B26: =IF($W26=B$2,$A26&" ","") | C26: =IF($W26=C$2,$A26&" ","") | D26: =IF($W26=D$2,$A26&" ","") | E26: =IF($W26=E$2,$A26&" ","") | F26: =IF($W26=F$2,$A26&" ","") | G26: =IF($W26=G$2,$A26&" ","") | H26: =IF($W26=H$2,$A26&" ","") | I26: =IF($W26=I$2,$A26&" ","") | ... Q26: =IF($W26=Q$2,$A26&" ","") | V26: ='2-PRIORIZACION'!G28&";"&'2-PRIORIZACION'!H28 -> ; | W26: =IFERROR(VLOOKUP(V26,$S$3:$T$18,2,FALSE),"") | X26: =IFERROR(VLOOKUP(W26,$T$3:$U$18,2),"")
A27: ='2-PRIORIZACION'!D29 | B27: =IF($W27=B$2,$A27&" ","") | C27: =IF($W27=C$2,$A27&" ","") | D27: =IF($W27=D$2,$A27&" ","") | E27: =IF($W27=E$2,$A27&" ","") | F27: =IF($W27=F$2,$A27&" ","") | G27: =IF($W27=G$2,$A27&" ","") | H27: =IF($W27=H$2,$A27&" ","") | I27: =IF($W27=I$2,$A27&" ","") | ... Q27: =IF($W27=Q$2,$A27&" ","") | V27: ='2-PRIORIZACION'!G29&";"&'2-PRIORIZACION'!H29 -> ; | W27: =IFERROR(VLOOKUP(V27,$S$3:$T$18,2,FALSE),"") | X27: =IFERROR(VLOOKUP(W27,$T$3:$U$18,2),"")
A28: ='2-PRIORIZACION'!D30 | B28: =IF($W28=B$2,$A28&" ","") | C28: =IF($W28=C$2,$A28&" ","") | D28: =IF($W28=D$2,$A28&" ","") | E28: =IF($W28=E$2,$A28&" ","") | F28: =IF($W28=F$2,$A28&" ","") | G28: =IF($W28=G$2,$A28&" ","") | H28: =IF($W28=H$2,$A28&" ","") | I28: =IF($W28=I$2,$A28&" ","") | ... Q28: =IF($W28=Q$2,$A28&" ","") | V28: ='2-PRIORIZACION'!G30&";"&'2-PRIORIZACION'!H30 -> ; | W28: =IFERROR(VLOOKUP(V28,$S$3:$T$18,2,FALSE),"") | X28: =IFERROR(VLOOKUP(W28,$T$3:$U$18,2),"")
A29: ='2-PRIORIZACION'!D31 | B29: =IF($W29=B$2,$A29&" ","") | C29: =IF($W29=C$2,$A29&" ","") | D29: =IF($W29=D$2,$A29&" ","") | E29: =IF($W29=E$2,$A29&" ","") | F29: =IF($W29=F$2,$A29&" ","") | G29: =IF($W29=G$2,$A29&" ","") | H29: =IF($W29=H$2,$A29&" ","") | I29: =IF($W29=I$2,$A29&" ","") | ... Q29: =IF($W29=Q$2,$A29&" ","") | V29: ='2-PRIORIZACION'!G31&";"&'2-PRIORIZACION'!H31 -> ; | W29: =IFERROR(VLOOKUP(V29,$S$3:$T$18,2,FALSE),"") | X29: =IFERROR(VLOOKUP(W29,$T$3:$U$18,2),"")
A30: ='2-PRIORIZACION'!D32 | B30: =IF($W30=B$2,$A30&" ","") | C30: =IF($W30=C$2,$A30&" ","") | D30: =IF($W30=D$2,$A30&" ","") | E30: =IF($W30=E$2,$A30&" ","") | F30: =IF($W30=F$2,$A30&" ","") | G30: =IF($W30=G$2,$A30&" ","") | H30: =IF($W30=H$2,$A30&" ","") | I30: =IF($W30=I$2,$A30&" ","") | ... Q30: =IF($W30=Q$2,$A30&" ","") | V30: ='2-PRIORIZACION'!G32&";"&'2-PRIORIZACION'!H32 -> ; | W30: =IFERROR(VLOOKUP(V30,$S$3:$T$18,2,FALSE),"") | X30: =IFERROR(VLOOKUP(W30,$T$3:$U$18,2),"")
... A57: ='2-PRIORIZACION'!D59 | B57: =IF($W57=B$2,$A57&" ","") | C57: =IF($W57=C$2,$A57&" ","") | D57: =IF($W57=D$2,$A57&" ","") | E57: =IF($W57=E$2,$A57&" ","") | F57: =IF($W57=F$2,$A57&" ","") | G57: =IF($W57=G$2,$A57&" ","") | H57: =IF($W57=H$2,$A57&" ","") | I57: =IF($W57=I$2,$A57&" ","") | ... Q57: =IF($W57=Q$2,$A57&" ","") | V57: ='2-PRIORIZACION'!G59&";"&'2-PRIORIZACION'!H59 -> ; | W57: =IFERROR(VLOOKUP(V57,$S$3:$T$18,2,FALSE),"") | X57: =IFERROR(VLOOKUP(W57,$T$3:$U$18,2),"")
B58: =CONCATENATE(B3,B4,B5,B6,B7,B8,B9,B10,B11,B12,B13,B14,B15,B16,B17,B18,B19,B20,B21,B22,B23,B24,B25,B26,B27,B28,B29,B30,B31,B32,B33,B34,B35,B36,B37,B38,B39,B40,B41,B42,B43,B44,B45,B46,B47,B48,B49,B50,B51,B52,B53,B54,B55,B56,B57) | C58: =CONCATENATE(C3,C4,C5,C6,C7,C8,C9,C10,C11,C12,C13,C14,C15,C16,C17,C18,C19,C20,C21,C22,C23,C24,C25,C26,C27,C28,C29,C30,C31,C32,C33,C34,C35,C36,C37,C38,C39,C40,C41,C42,C43,C44,C45,C46,C47,C48,C49,C50,C51,C52,C53,C54,C55,C56,C57) | D58: =CONCATENATE(D3,D4,D5,D6,D7,D8,D9,D10,D11,D12,D13,D14,D15,D16,D17,D18,D19,D20,D21,D22,D23,D24,D25,D26,D27,D28,D29,D30,D31,D32,D33,D34,D35,D36,D37,D38,D39,D40,D41,D42,D43,D44,D45,D46,D47,D48,D49,D50,D51,D52,D53,D54,D55,D56,D57) | E58: =CONCATENATE(E3,E4,E5,E6,E7,E8,E9,E10,E11,E12,E13,E14,E15,E16,E17,E18,E19,E20,E21,E22,E23,E24,E25,E26,E27,E28,E29,E30,E31,E32,E33,E34,E35,E36,E37,E38,E39,E40,E41,E42,E43,E44,E45,E46,E47,E48,E49,E50,E51,E52,E53,E54,E55,E56,E57) | F58: =CONCATENATE(F3,F4,F5,F6,F7,F8,F9,F10,F11,F12,F13,F14,F15,F16,F17,F18,F19,F20,F21,F22,F23,F24,F25,F26,F27,F28,F29,F30,F31,F32,F33,F34,F35,F36,F37,F38,F39,F40,F41,F42,F43,F44,F45,F46,F47,F48,F49,F50,F51,F52,F53,F54,F55,F56,F57) | G58: =CONCATENATE(G3,G4,G5,G6,G7,G8,G9,G10,G11,G12,G13,G14,G15,G16,G17,G18,G19,G20,G21,G22,G23,G24,G25,G26,G27,G28,G29,G30,G31,G32,G33,G34,G35,G36,G37,G38,G39,G40,G41,G42,G43,G44,G45,G46,G47,G48,G49,G50,G51,G52,G53,G54,G55,G56,G57) | H58: =CONCATENATE(H3,H4,H5,H6,H7,H8,H9,H10,H11,H12,H13,H14,H15,H16,H17,H18,H19,H20,H21,H22,H23,H24,H25,H26,H27,H28,H29,H30,H31,H32,H33,H34,H35,H36,H37,H38,H39,H40,H41,H42,H43,H44,H45,H46,H47,H48,H49,H50,H51,H52,H53,H54,H55,H56,H57) | I58: =CONCATENATE(I3,I4,I5,I6,I7,I8,I9,I10,I11,I12,I13,I14,I15,I16,I17,I18,I19,I20,I21,I22,I23,I24,I25,I26,I27,I28,I29,I30,I31,I32,I33,I34,I35,I36,I37,I38,I39,I40,I41,I42,I43,I44,I45,I46,I47,I48,I49,I50,I51,I52,I53,I54,I55,I56,I57) | ... Q58: =CONCATENATE(Q3,Q4,Q5,Q6,Q7,Q8,Q9,Q10,Q11,Q12,Q13,Q14,Q15,Q16,Q17,Q18,Q19,Q20,Q21,Q22,Q23,Q24,Q25,Q26,Q27,Q28,Q29,Q30,Q31,Q32,Q33,Q34,Q35,Q36,Q37,Q38,Q39,Q40,Q41,Q42,Q43,Q44,Q45,Q46,Q47,Q48,Q49,Q50,Q51,Q52,Q53,Q54,Q55,Q56,Q57)
B59: 1 | C59: 2 | D59: 3 | E59: 4 | F59: 5 | G59: 6 | H59: 7 | I59: 8 | J59: 9 | K59: 10 | L59: 11 | M59: 12 | N59: 13 | O59: 14 | P59: 15 | Q59: 16

Sheet 2.B MAPA CALOR
A1: Convenciones: | D1: BAJO | E1: MODERADO | F1: ALTO | G1: EXTREMO
B3: FACTIBLIDAD DE INTERVENCIÓN | C3: 4 | D3: =CALCULOS!N58 | E3: =CALCULOS!O58 | F3: =CALCULOS!P58 | G3: =CALCULOS!Q58
C4: 3 | D4: =CALCULOS!J58 | E4: =CALCULOS!K58 | F4: =CALCULOS!L58 | G4: =CALCULOS!M58
C5: 2 | D5: =CALCULOS!F58 | E5: =CALCULOS!G58 | F5: =CALCULOS!H58 | G5: =CALCULOS!I58
C6: 1 | D6: =CALCULOS!B58 | E6: =CALCULOS!C58 | F6: =CALCULOS!D58 | G6: =CALCULOS!E58
D7: 1 | E7: 2 | F7: 3 | G7: 4
D8: GRAVEDAD DEL EFECTO

Sheet GRAFOS
A1: CODIGO | B1: NOMBRE DEL INDICADOR | C1: UNIDAD | D1: ENERO | E1: FEBRERO | F1: MARZO | G1: ABRIL | H1: MAYO | I1: JUNIO | J1: JULIO | K1: AGOSTO | L1: SEPTIEMBRE | M1: OCTUBRE | N1: NOVIEMBRE | O1: DICIEMBRE
A2: P.1.1 | B2: Proporción de gestantes con consulta de control prenatal de primera vez antes de las 12 semanas de gestación | C2: =VLOOKUP(A2,INDICADORES[[CODIGO]:[UNIDAD DE MEDIDA]],8,FALSE) -> Por 100 (%) | D2: =IFERROR(VLOOKUP($A2,'3. RESULTADO IND'!$C$4:$BH$59,47,FALSE),NA()) -> #N/A | E2: =IFERROR(VLOOKUP($A2,'3. RESULTADO IND'!$C$4:$BH$59,48,FALSE),NA()) -> #N/A | F2: =IFERROR(VLOOKUP($A2,'3. RESULTADO IND'!$C$4:$BH$59,49,FALSE),NA()) -> #N/A | G2: =IFERROR(VLOOKUP($A2,'3. RESULTADO IND'!$C$4:$BH$59,50,FALSE),NA()) -> #N/A | H2: =IFERROR(VLOOKUP($A2,'3. RESULTADO IND'!$C$4:$BH$59,51,FALSE),NA()) -> #N/A | I2: =IFERROR(VLOOKUP($A2,'3. RESULTADO IND'!$C$4:$BH$59,52,FALSE),NA()) -> #N/A | J2: =IFERROR(VLOOKUP($A2,'3. RESULTADO IND'!$C$4:$BH$59,53,FALSE),NA()) -> #N/A | K2: =IFERROR(VLOOKUP($A2,'3. RESULTADO IND'!$C$4:$BH$59,54,FALSE),NA()) -> #N/A | L2: =IFERROR(VLOOKUP($A2,'3. RESULTADO IND'!$C$4:$BH$59,55,FALSE),NA()) -> #N/A | M2: =IFERROR(VLOOKUP($A2,'3. RESULTADO IND'!$C$4:$BH$59,56,FALSE),NA()) -> #N/A | N2: =IFERROR(VLOOKUP($A2,'3. RESULTADO IND'!$C$4:$BH$59,57,FALSE),NA()) -> #N/A | O2: =IFERROR(VLOOKUP($A2,'3. RESULTADO IND'!$C$4:$BH$59,58,FALSE),NA()) -> #N/A
A3: P.1.2 | B3: Proporción de gestantes con valoración por odontología | C3: =VLOOKUP(A3,INDICADORES[[CODIGO]:[UNIDAD DE MEDIDA]],8,FALSE) -> Por 100 (%) | D3: =IFERROR(VLOOKUP($A3,'3. RESULTADO IND'!$C$4:$BH$59,47,FALSE),NA()) -> #N/A | E3: =IFERROR(VLOOKUP($A3,'3. RESULTADO IND'!$C$4:$BH$59,48,FALSE),NA()) -> #N/A | F3: =IFERROR(VLOOKUP($A3,'3. RESULTADO IND'!$C$4:$BH$59,49,FALSE),NA()) -> #N/A | G3: =IFERROR(VLOOKUP($A3,'3. RESULTADO IND'!$C$4:$BH$59,50,FALSE),NA()) -> #N/A | H3: =IFERROR(VLOOKUP($A3,'3. RESULTADO IND'!$C$4:$BH$59,51,FALSE),NA()) -> #N/A | I3: =IFERROR(VLOOKUP($A3,'3. RESULTADO IND'!$C$4:$BH$59,52,FALSE),NA()) -> #N/A | J3: =IFERROR(VLOOKUP($A3,'3. RESULTADO IND'!$C$4:$BH$59,53,FALSE),NA()) -> #N/A | K3: =IFERROR(VLOOKUP($A3,'3. RESULTADO IND'!$C$4:$BH$59,54,FALSE),NA()) -> #N/A | L3: =IFERROR(VLOOKUP($A3,'3. RESULTADO IND'!$C$4:$BH$59,55,FALSE),NA()) -> #N/A | M3: =IFERROR(VLOOKUP($A3,'3. RESULTADO IND'!$C$4:$BH$59,56,FALSE),NA()) -> #N/A | N3: =IFERROR(VLOOKUP($A3,'3. RESULTADO IND'!$C$4:$BH$59,57,FALSE),NA()) -> #N/A | O3: =IFERROR(VLOOKUP($A3,'3. RESULTADO IND'!$C$4:$BH$59,58,FALSE),NA()) -> #N/A
A4: P.1.3 | B4: Proporción de partos por cesárea | C4: =VLOOKUP(A4,INDICADORES[[CODIGO]:[UNIDAD DE MEDIDA]],8,FALSE) -> Por 100 (%) | D4: =IFERROR(VLOOKUP($A4,'3. RESULTADO IND'!$C$4:$BH$59,47,FALSE),NA()) -> #N/A | E4: =IFERROR(VLOOKUP($A4,'3. RESULTADO IND'!$C$4:$BH$59,48,FALSE),NA()) -> #N/A | F4: =IFERROR(VLOOKUP($A4,'3. RESULTADO IND'!$C$4:$BH$59,49,FALSE),NA()) -> #N/A | G4: =IFERROR(VLOOKUP($A4,'3. RESULTADO IND'!$C$4:$BH$59,50,FALSE),NA()) -> #N/A | H4: =IFERROR(VLOOKUP($A4,'3. RESULTADO IND'!$C$4:$BH$59,51,FALSE),NA()) -> #N/A | I4: =IFERROR(VLOOKUP($A4,'3. RESULTADO IND'!$C$4:$BH$59,52,FALSE),NA()) -> #N/A | J4: =IFERROR(VLOOKUP($A4,'3. RESULTADO IND'!$C$4:$BH$59,53,FALSE),NA()) -> #N/A | K4: =IFERROR(VLOOKUP($A4,'3. RESULTADO IND'!$C$4:$BH$59,54,FALSE),NA()) -> #N/A | L4: =IFERROR(VLOOKUP($A4,'3. RESULTADO IND'!$C$4:$BH$59,55,FALSE),NA()) -> #N/A | M4: =IFERROR(VLOOKUP($A4,'3. RESULTADO IND'!$C$4:$BH$59,56,FALSE),NA()) -> #N/A | N4: =IFERROR(VLOOKUP($A4,'3. RESULTADO IND'!$C$4:$BH$59,57,FALSE),NA()) -> #N/A | O4: =IFERROR(VLOOKUP($A4,'3. RESULTADO IND'!$C$4:$BH$59,58,FALSE),NA()) -> #N/A
A5: P.1.4 | B5: Tasa de mortalidad perinatal | C5: =VLOOKUP(A5,INDICADORES[[CODIGO]:[UNIDAD DE MEDIDA]],8,FALSE) -> Por 1.000 nacimientos | D5: =IFERROR(VLOOKUP($A5,'3. RESULTADO IND'!$C$4:$BH$59,47,FALSE),NA()) -> #N/A | E5: =IFERROR(VLOOKUP($A5,'3. RESULTADO IND'!$C$4:$BH$59,48,FALSE),NA()) -> #N/A | F5: =IFERROR(VLOOKUP($A5,'3. RESULTADO IND'!$C$4:$BH$59,49,FALSE),NA()) -> #N/A | G5: =IFERROR(VLOOKUP($A5,'3. RESULTADO IND'!$C$4:$BH$59,50,FALSE),NA()) -> #N/A | H5: =IFERROR(VLOOKUP($A5,'3. RESULTADO IND'!$C$4:$BH$59,51,FALSE),NA()) -> #N/A | I5: =IFERROR(VLOOKUP($A5,'3. RESULTADO IND'!$C$4:$BH$59,52,FALSE),NA()) -> #N/A | J5: =IFERROR(VLOOKUP($A5,'3. RESULTADO IND'!$C$4:$BH$59,53,FALSE),NA()) -> #N/A | K5: =IFERROR(VLOOKUP($A5,'3. RESULTADO IND'!$C$4:$BH$59,54,FALSE),NA()) -> #N/A | L5: =IFERROR(VLOOKUP($A5,'3. RESULTADO IND'!$C$4:$BH$59,55,FALSE),NA()) -> #N/A | M5: =IFERROR(VLOOKUP($A5,'3. RESULTADO IND'!$C$4:$BH$59,56,FALSE),NA()) -> #N/A | N5: =IFERROR(VLOOKUP($A5,'3. RESULTADO IND'!$C$4:$BH$59,57,FALSE),NA()) -> #N/A | O5: =IFERROR(VLOOKUP($A5,'3. RESULTADO IND'!$C$4:$BH$59,58,FALSE),NA()) -> #N/A
A6: P.1.5 | B6: Relación Morbilidad Materna Extrema(MME) / Muerte Materna temprana (MM) | C6: =VLOOKUP(A6,INDICADORES[[CODIGO]:[UNIDAD DE MEDIDA]],8,FALSE) -> Número absoluto | D6: =IFERROR(VLOOKUP($A6,'3. RESULTADO IND'!$C$4:$BH$59,47,FALSE),NA()) -> #N/A | E6: =IFERROR(VLOOKUP($A6,'3. RESULTADO IND'!$C$4:$BH$59,48,FALSE),NA()) -> #N/A | F6: =IFERROR(VLOOKUP($A6,'3. RESULTADO IND'!$C$4:$BH$59,49,FALSE),NA()) -> #N/A | G6: =IFERROR(VLOOKUP($A6,'3. RESULTADO IND'!$C$4:$BH$59,50,FALSE),NA()) -> #N/A | H6: =IFERROR(VLOOKUP($A6,'3. RESULTADO IND'!$C$4:$BH$59,51,FALSE),NA()) -> #N/A | I6: =IFERROR(VLOOKUP($A6,'3. RESULTADO IND'!$C$4:$BH$59,52,FALSE),NA()) -> #N/A | J6: =IFERROR(VLOOKUP($A6,'3. RESULTADO IND'!$C$4:$BH$59,53,FALSE),NA()) -> #N/A | K6: =IFERROR(VLOOKUP($A6,'3. RESULTADO IND'!$C$4:$BH$59,54,FALSE),NA()) -> #N/A | L6: =IFERROR(VLOOKUP($A6,'3. RESULTADO IND'!$C$4:$BH$59,55,FALSE),NA()) -> #N/A | M6: =IFERROR(VLOOKUP($A6,'3. RESULTADO IND'!$C$4:$BH$59,56,FALSE),NA()) -> #N/A | N6: =IFERROR(VLOOKUP($A6,'3. RESULTADO IND'!$C$4:$BH$59,57,FALSE),NA()) -> #N/A | O6: =IFERROR(VLOOKUP($A6,'3. RESULTADO IND'!$C$4:$BH$59,58,FALSE),NA()) -> #N/A
A7: P.1.6 | B7: Proporción de recién nacidos con tamizaje para Hipotiroidismo | C7: =VLOOKUP(A7,INDICADORES[[CODIGO]:[UNIDAD DE MEDIDA]],8,FALSE) -> Por 100 (%) | D7: =IFERROR(VLOOKUP($A7,'3. RESULTADO IND'!$C$4:$BH$59,47,FALSE),NA()) -> #N/A | E7: =IFERROR(VLOOKUP($A7,'3. RESULTADO IND'!$C$4:$BH$59,48,FALSE),NA()) -> #N/A | F7: =IFERROR(VLOOKUP($A7,'3. RESULTADO IND'!$C$4:$BH$59,49,FALSE),NA()) -> #N/A | G7: =IFERROR(VLOOKUP($A7,'3. RESULTADO IND'!$C$4:$BH$59,50,FALSE),NA()) -> #N/A | H7: =IFERROR(VLOOKUP($A7,'3. RESULTADO IND'!$C$4:$BH$59,51,FALSE),NA()) -> #N/A | I7: =IFERROR(VLOOKUP($A7,'3. RESULTADO IND'!$C$4:$BH$59,52,FALSE),NA()) -> #N/A | J7: =IFERROR(VLOOKUP($A7,'3. RESULTADO IND'!$C$4:$BH$59,53,FALSE),NA()) -> #N/A | K7: =IFERROR(VLOOKUP($A7,'3. RESULTADO IND'!$C$4:$BH$59,54,FALSE),NA()) -> #N/A | L7: =IFERROR(VLOOKUP($A7,'3. RESULTADO IND'!$C$4:$BH$59,55,FALSE),NA()) -> #N/A | M7: =IFERROR(VLOOKUP($A7,'3. RESULTADO IND'!$C$4:$BH$59,56,FALSE),NA()) -> #N/A | N7: =IFERROR(VLOOKUP($A7,'3. RESULTADO IND'!$C$4:$BH$59,57,FALSE),NA()) -> #N/A | O7: =IFERROR(VLOOKUP($A7,'3. RESULTADO IND'!$C$4:$BH$59,58,FALSE),NA()) -> #N/A
A8: P.1.7 | B8: Proporción de reingreso hospitalario por Infección Respiratoria Aguda (IRA) en menores de 5 años | C8: =VLOOKUP(A8,INDICADORES[[CODIGO]:[UNIDAD DE MEDIDA]],8,FALSE) -> Por 100 (%) | D8: =IFERROR(VLOOKUP($A8,'3. RESULTADO IND'!$C$4:$BH$59,47,FALSE),NA()) -> #N/A | E8: =IFERROR(VLOOKUP($A8,'3. RESULTADO IND'!$C$4:$BH$59,48,FALSE),NA()) -> #N/A | F8: =IFERROR(VLOOKUP($A8,'3. RESULTADO IND'!$C$4:$BH$59,49,FALSE),NA()) -> #N/A | G8: =IFERROR(VLOOKUP($A8,'3. RESULTADO IND'!$C$4:$BH$59,50,FALSE),NA()) -> #N/A | H8: =IFERROR(VLOOKUP($A8,'3. RESULTADO IND'!$C$4:$BH$59,51,FALSE),NA()) -> #N/A | I8: =IFERROR(VLOOKUP($A8,'3. RESULTADO IND'!$C$4:$BH$59,52,FALSE),NA()) -> #N/A | J8: =IFERROR(VLOOKUP($A8,'3. RESULTADO IND'!$C$4:$BH$59,53,FALSE),NA()) -> #N/A | K8: =IFERROR(VLOOKUP($A8,'3. RESULTADO IND'!$C$4:$BH$59,54,FALSE),NA()) -> #N/A | L8: =IFERROR(VLOOKUP($A8,'3. RESULTADO IND'!$C$4:$BH$59,55,FALSE),NA()) -> #N/A | M8: =IFERROR(VLOOKUP($A8,'3. RESULTADO IND'!$C$4:$BH$59,56,FALSE),NA()) -> #N/A | N8: =IFERROR(VLOOKUP($A8,'3. RESULTADO IND'!$C$4:$BH$59,57,FALSE),NA()) -> #N/A | O8: =IFERROR(VLOOKUP($A8,'3. RESULTADO IND'!$C$4:$BH$59,58,FALSE),NA()) -> #N/A
A9: P.1.8 | B9: Letalidad por Infección Respiratoria Aguda (IRA) en menores de 5 años | C9: =VLOOKUP(A9,INDICADORES[[CODIGO]:[UNIDAD DE MEDIDA]],8,FALSE) -> Por 100 (%) | D9: =IFERROR(VLOOKUP($A9,'3. RESULTADO IND'!$C$4:$BH$59,47,FALSE),NA()) -> #N/A | E9: =IFERROR(VLOOKUP($A9,'3. RESULTADO IND'!$C$4:$BH$59,48,FALSE),NA()) -> #N/A | F9: =IFERROR(VLOOKUP($A9,'3. RESULTADO IND'!$C$4:$BH$59,49,FALSE),NA()) -> #N/A | G9: =IFERROR(VLOOKUP($A9,'3. RESULTADO IND'!$C$4:$BH$59,50,FALSE),NA()) -> #N/A | H9: =IFERROR(VLOOKUP($A9,'3. RESULTADO IND'!$C$4:$BH$59,51,FALSE),NA()) -> #N/A | I9: =IFERROR(VLOOKUP($A9,'3. RESULTADO IND'!$C$4:$BH$59,52,FALSE),NA()) -> #N/A | J9: =IFERROR(VLOOKUP($A9,'3. RESULTADO IND'!$C$4:$BH$59,53,FALSE),NA()) -> #N/A | K9: =IFERROR(VLOOKUP($A9,'3. RESULTADO IND'!$C$4:$BH$59,54,FALSE),NA()) -> #N/A | L9: =IFERROR(VLOOKUP($A9,'3. RESULTADO IND'!$C$4:$BH$59,55,FALSE),NA()) -> #N/A | M9: =IFERROR(VLOOKUP($A9,'3. RESULTADO IND'!$C$4:$BH$59,56,FALSE),NA()) -> #N/A | N9: =IFERROR(VLOOKUP($A9,'3. RESULTADO IND'!$C$4:$BH$59,57,FALSE),NA()) -> #N/A | O9: =IFERROR(VLOOKUP($A9,'3. RESULTADO IND'!$C$4:$BH$59,58,FALSE),NA()) -> #N/A
A10: P.1.9 | B10: Letalidad en menores de 5 años por Enfermedad Diarreica Aguda (EDA) | C10: =VLOOKUP(A10,INDICADORES[[CODIGO]:[UNIDAD DE MEDIDA]],8,FALSE) -> Por 100 (%) | D10: =IFERROR(VLOOKUP($A10,'3. RESULTADO IND'!$C$4:$BH$59,47,FALSE),NA()) -> #N/A | E10: =IFERROR(VLOOKUP($A10,'3. RESULTADO IND'!$C$4:$BH$59,48,FALSE),NA()) -> #N/A | F10: =IFERROR(VLOOKUP($A10,'3. RESULTADO IND'!$C$4:$BH$59,49,FALSE),NA()) -> #N/A | G10: =IFERROR(VLOOKUP($A10,'3. RESULTADO IND'!$C$4:$BH$59,50,FALSE),NA()) -> #N/A | H10: =IFERROR(VLOOKUP($A10,'3. RESULTADO IND'!$C$4:$BH$59,51,FALSE),NA()) -> #N/A | I10: =IFERROR(VLOOKUP($A10,'3. RESULTADO IND'!$C$4:$BH$59,52,FALSE),NA()) -> #N/A | J10: =IFERROR(VLOOKUP($A10,'3. RESULTADO IND'!$C$4:$BH$59,53,FALSE),NA()) -> #N/A | K10: =IFERROR(VLOOKUP($A10,'3. RESULTADO IND'!$C$4:$BH$59,54,FALSE),NA()) -> #N/A | L10: =IFERROR(VLOOKUP($A10,'3. RESULTADO IND'!$C$4:$BH$59,55,FALSE),NA()) -> #N/A | M10: =IFERROR(VLOOKUP($A10,'3. RESULTADO IND'!$C$4:$BH$59,56,FALSE),NA()) -> #N/A | N10: =IFERROR(VLOOKUP($A10,'3. RESULTADO IND'!$C$4:$BH$59,57,FALSE),NA()) -> #N/A | O10: =IFERROR(VLOOKUP($A10,'3. RESULTADO IND'!$C$4:$BH$59,58,FALSE),NA()) -> #N/A
A11: P.1.10 | B11: Proporción de gestantes con asesoría pre-test para prueba de Virus de la inmunodeficiencia Humana (VIH) | C11: =VLOOKUP(A11,INDICADORES[[CODIGO]:[UNIDAD DE MEDIDA]],8,FALSE) -> Por 100 (%) | D11: =IFERROR(VLOOKUP($A11,'3. RESULTADO IND'!$C$4:$BH$59,47,FALSE),NA()) -> #N/A | E11: =IFERROR(VLOOKUP($A11,'3. RESULTADO IND'!$C$4:$BH$59,48,FALSE),NA()) -> #N/A | F11: =IFERROR(VLOOKUP($A11,'3. RESULTADO IND'!$C$4:$BH$59,49,FALSE),NA()) -> #N/A | G11: =IFERROR(VLOOKUP($A11,'3. RESULTADO IND'!$C$4:$BH$59,50,FALSE),NA()) -> #N/A | H11: =IFERROR(VLOOKUP($A11,'3. RESULTADO IND'!$C$4:$BH$59,51,FALSE),NA()) -> #N/A | I11: =IFERROR(VLOOKUP($A11,'3. RESULTADO IND'!$C$4:$BH$59,52,FALSE),NA()) -> #N/A | J11: =IFERROR(VLOOKUP($A11,'3. RESULTADO IND'!$C$4:$BH$59,53,FALSE),NA()) -> #N/A | K11: =IFERROR(VLOOKUP($A11,'3. RESULTADO IND'!$C$4:$BH$59,54,FALSE),NA()) -> #N/A | L11: =IFERROR(VLOOKUP($A11,'3. RESULTADO IND'!$C$4:$BH$59,55,FALSE),NA()) -> #N/A | M11: =IFERROR(VLOOKUP($A11,'3. RESULTADO IND'!$C$4:$BH$59,56,FALSE),NA()) -> #N/A | N11: =IFERROR(VLOOKUP($A11,'3. RESULTADO IND'!$C$4:$BH$59,57,FALSE),NA()) -> #N/A | O11: =IFERROR(VLOOKUP($A11,'3. RESULTADO IND'!$C$4:$BH$59,58,FALSE),NA()) -> #N/A
A12: P.1.11 | B12: Proporción de niños y niñas menores de 18 meses, hijos de madre viviendo con VIH, con diagnóstico de VIH | C12: =VLOOKUP(A12,INDICADORES[[CODIGO]:[UNIDAD DE MEDIDA]],8,FALSE) -> Por 100 (%) | D12: =IFERROR(VLOOKUP($A12,'3. RESULTADO IND'!$C$4:$BH$59,47,FALSE),NA()) -> #N/A | E12: =IFERROR(VLOOKUP($A12,'3. RESULTADO IND'!$C$4:$BH$59,48,FALSE),NA()) -> #N/A | F12: =IFERROR(VLOOKUP($A12,'3. RESULTADO IND'!$C$4:$BH$59,49,FALSE),NA()) -> #N/A | G12: =IFERROR(VLOOKUP($A12,'3. RESULTADO IND'!$C$4:$BH$59,50,FALSE),NA()) -> #N/A | H12: =IFERROR(VLOOKUP($A12,'3. RESULTADO IND'!$C$4:$BH$59,51,FALSE),NA()) -> #N/A | I12: =IFERROR(VLOOKUP($A12,'3. RESULTADO IND'!$C$4:$BH$59,52,FALSE),NA()) -> #N/A | J12: =IFERROR(VLOOKUP($A12,'3. RESULTADO IND'!$C$4:$BH$59,53,FALSE),NA()) -> #N/A | K12: =IFERROR(VLOOKUP($A12,'3. RESULTADO IND'!$C$4:$BH$59,54,FALSE),NA()) -> #N/A | L12: =IFERROR(VLOOKUP($A12,'3. RESULTADO IND'!$C$4:$BH$59,55,FALSE),NA()) -> #N/A | M12: =IFERROR(VLOOKUP($A12,'3. RESULTADO IND'!$C$4:$BH$59,56,FALSE),NA()) -> #N/A | N12: =IFERROR(VLOOKUP($A12,'3. RESULTADO IND'!$C$4:$BH$59,57,FALSE),NA()) -> #N/A | O12: =IFERROR(VLOOKUP($A12,'3. RESULTADO IND'!$C$4:$BH$59,58,FALSE),NA()) -> #N/A
A13: P.1.12 | B13: Proporción de mujeres a las que se les realizó toma de serología en el momento del parto o aborto | C13: =VLOOKUP(A13,INDICADORES[[CODIGO]:[UNIDAD DE MEDIDA]],8,FALSE) -> Por 100 (%) | D13: =IFERROR(VLOOKUP($A13,'3. RESULTADO IND'!$C$4:$BH$59,47,FALSE),NA()) -> #N/A | E13: =IFERROR(VLOOKUP($A13,'3. RESULTADO IND'!$C$4:$BH$59,48,FALSE),NA()) -> #N/A | F13: =IFERROR(VLOOKUP($A13,'3. RESULTADO IND'!$C$4:$BH$59,49,FALSE),NA()) -> #N/A | G13: =IFERROR(VLOOKUP($A13,'3. RESULTADO IND'!$C$4:$BH$59,50,FALSE),NA()) -> #N/A | H13: =IFERROR(VLOOKUP($A13,'3. RESULTADO IND'!$C$4:$BH$59,51,FALSE),NA()) -> #N/A | I13: =IFERROR(VLOOKUP($A13,'3. RESULTADO IND'!$C$4:$BH$59,52,FALSE),NA()) -> #N/A | J13: =IFERROR(VLOOKUP($A13,'3. RESULTADO IND'!$C$4:$BH$59,53,FALSE),NA()) -> #N/A | K13: =IFERROR(VLOOKUP($A13,'3. RESULTADO IND'!$C$4:$BH$59,54,FALSE),NA()) -> #N/A | L13: =IFERROR(VLOOKUP($A13,'3. RESULTADO IND'!$C$4:$BH$59,55,FALSE),NA()) -> #N/A | M13: =IFERROR(VLOOKUP($A13,'3. RESULTADO IND'!$C$4:$BH$59,56,FALSE),NA()) -> #N/A | N13: =IFERROR(VLOOKUP($A13,'3. RESULTADO IND'!$C$4:$BH$59,57,FALSE),NA()) -> #N/A | O13: =IFERROR(VLOOKUP($A13,'3. RESULTADO IND'!$C$4:$BH$59,58,FALSE),NA()) -> #N/A
... A56: P.3.15 | B56: Proporción de usuarios que recomendaría su IPS a familiares y amigos | C56: =VLOOKUP(A56,INDICADORES[[CODIGO]:[UNIDAD DE MEDIDA]],8,FALSE) -> Por 100 (%) | D56: =IFERROR(VLOOKUP($A56,'3. RESULTADO IND'!$C$4:$BH$59,47,FALSE),NA()) -> #N/A | E56: =IFERROR(VLOOKUP($A56,'3. RESULTADO IND'!$C$4:$BH$59,48,FALSE),NA()) -> #N/A | F56: =IFERROR(VLOOKUP($A56,'3. RESULTADO IND'!$C$4:$BH$59,49,FALSE),NA()) -> #N/A | G56: =IFERROR(VLOOKUP($A56,'3. RESULTADO IND'!$C$4:$BH$59,50,FALSE),NA()) -> #N/A | H56: =IFERROR(VLOOKUP($A56,'3. RESULTADO IND'!$C$4:$BH$59,51,FALSE),NA()) -> #N/A | I56: =IFERROR(VLOOKUP($A56,'3. RESULTADO IND'!$C$4:$BH$59,52,FALSE),NA()) -> #N/A | J56: =IFERROR(VLOOKUP($A56,'3. RESULTADO IND'!$C$4:$BH$59,53,FALSE),NA()) -> #N/A | K56: =IFERROR(VLOOKUP($A56,'3. RESULTADO IND'!$C$4:$BH$59,54,FALSE),NA()) -> #N/A | L56: =IFERROR(VLOOKUP($A56,'3. RESULTADO IND'!$C$4:$BH$59,55,FALSE),NA()) -> #N/A | M56: =IFERROR(VLOOKUP($A56,'3. RESULTADO IND'!$C$4:$BH$59,56,FALSE),NA()) -> #N/A | N56: =IFERROR(VLOOKUP($A56,'3. RESULTADO IND'!$C$4:$BH$59,57,FALSE),NA()) -> #N/A | O56: =IFERROR(VLOOKUP($A56,'3. RESULTADO IND'!$C$4:$BH$59,58,FALSE),NA()) -> #N/A
A61: CODIGO | B61: FORMULA DE CÁLCULO | C61: NUMERADOR | D61: DENOMINADOR | E61: UNIDAD DE MEDIDA
A62: P.1.1 | B62: Cociente entre el número de gestantes que ingresan al control prenatal antes de las 12 semanas de gestación y el número total de gestantes en el periodo, multiplicado por 100 y expresado como porcentaje (%). | C62: Número de gestantes que ingresan al control prenatal antes de las 12 semanas de gestación | D62: Total de gestantes | E62: Por 100 (%) | F62: =(numerador/denominador)*100 | G62: *100%
A63: P.1.2 | B63: Cociente entre el número de gestantes que recibieron consulta de odontología y el número total de gestantes en un periodo determinado, multiplicado por 100%. | C63: Número de gestantes con valoración por Odontología | D63: Total de gestantes | E63: Por 100 (%) | F63: =(numerador/denominador)*100 | G63: *100%
A64: P.1.3 | B64: Cociente entre el número de nacidos vivos por cesárea y el total de nacidos vivos en un periodo determinado, multiplicado por 100%. | C64: Número de nacidos vivos por cesárea | D64: Total de nacidos vivos | E64: Por 100 (%) | F64: =(numerador/denominador)*100 | G64: *100%
A65: P.1.4 | B65: Cociente entre el número de muertes fetales con 22 semanas completas (154 días) de gestación o con 500 gramos o más de peso y los siete días completos después del nacimiento y el número de nacidos vivos más el número de muertes fetales con 22 semanas completas (154 días) de gestación o con 500 gramos o más de peso en un periodo determinado multiplicado por 1000. | C65: Número de muertes fetales con 22 semanas completas (154 días) de gestación o con 500 gramos o más de peso y los siete días completos después del nacimiento. | D65: Número total de nacidos vivos más el número de muertes fetales con 22 semanas completas (154 días) de gestación o con 500 gramos o más de peso | E65: Por 1.000 nacimientos | F65: = (numerador / denominador) *1000 | G65: 1000
A66: P.1.5 | B66: Cociente entre el número de casos de Morbilidad Materna Extrema (MME) y el número de casos de Muerte Materna temprana (MM). | C66: Número de casos de MME | D66: Número de casos de muerte materna ( 42 días) | E66: Número absoluto | F66: = numerador / denominador | G66: A/B
A67: P.1.6 | B67: Cociente entre el número de recién nacidos a quienes se les realiza tamizaje para Hipotiroidismo y el número de nacidos vios reportados en el período multiplizado por 100 y expresado en (%). | C67: Número de nacidos vivos a quienes se realiza tamizaje de hipotiroidismo | D67: Número total de nacidos vivos reportados | E67: Por 100 (%) | F67: =(numerador/denominador)*100 | G67: *100%
A68: P.1.7 | B68: Cociente entre el número de menores de 5 años con reingreso hospitalario por IRA dentro de los 20 días después del primer egreso por IRA, en la misma institución y el número de menores de 5 años con al menos un egreso por IRA multiplicado por 100 y expresado como porcentaje (%). | C68: Número de menores de 5 años con reingreso hospitalario por IRA dentro de los 20 días después del primer egreso por IRA, en la misma institución | D68: Número de menores de 5 años con al menos un egreso por IRA | E68: Por 100 (%) | F68: =(numerador/denominador)*100 | G68: *100%
A69: P.1.8 | B69: Cociente entre el número de muertes por IRA en menores de 5 años y número total de menores de 5 años atendidos por diagnóstico de IRA en un periodo determinado multiplicado por 100 y expresado como porcentaje (%). | C69: Número de muertes por IRA en menores de 5 años | D69: Número total de menores de 5 años atendidos por diagnóstico de IRA | E69: Por 100 (%) | F69: =(numerador/denominador)*100 | G69: *100%
A70: P.1.9 | B70: Cociente entre el número de muertes por EDA en menores de 5 años y Número total de menores de 5 años atendidos con diagnóstico de EDA en un periodo determinado multiplicado por 100 y expresado como porcentaje (%). | C70: Número de muertes por EDA en menores de 5 años | D70: Número total de menores de 5 años atendidos con diagnóstico de EDA | E70: Por 100 (%) | F70: =(numerador/denominador)*100 | G70: *100%
A71: P.1.10 | B71: Cociente entre el número de gestantes a quienes se les realizó asesoría pre-test para prueba de VIH (ELISA) y el número total de gestantes por 100 y expresado como porcentaje (%). | C71: Número de gestantes a quienes se les realizó asesoría pretest para prueba de VIH (ELISA) | D71: Total de gestantes | E71: Por 100 (%) | F71: =(numerador/denominador)*100 | G71: *100%
A72: P.1.11 | B72: Cociente entre el número de niños menores de 18 meses con diagnóstico de VIH/Sida hijos de madres con VIH/Sida y el número de menores de 18 meses hijos de madres con VIH/Sida por 100 expresado como porcentaje (%). | C72: Número de niños menores de 18 meses con diagnóstico de VIH/Sida hijos de madres con VIH/Sida | D72: Número de menores de 18 meses hijos de madres con VIH/Sida | E72: Por 100 (%) | F72: =(numerador/denominador)*100 | G72: *100%
A73: P.1.12 | B73: Cociente entre el número de mujeres a las que se les realizó toma de serología en el momento del parto o aborto y el número total de gestantes de los últimos 6 meses que a la fecha de corte están en embarazo reportadas por 100 expresado como porcentaje (%). | C73: Número de mujeres a las que se les realizó toma de serología en el momento del parto o aborto | D73: Número total de gestantes de los últimos 6 meses reportadas | E73: Por 100 (%) | F73: =(numerador/denominador)*100 | G73: *100%
A74: P.1.13 | B74: Cociente entre el número de pacientes con diagnóstico de Dengue Grave que fueron hospitalizados y el total de pacientes con diagnóstico de Dengue Grave en el periodo, multiplicado por 100 y expresado como porcentaje (%). | C74: Número de pacientes con diagnóstico de Dengue Grave que fueron hospitalizados | D74: Total de pacientes con diagnóstico de Dengue Grave en el periodo | E74: Por 100 (%) | F74: =(numerador/denominador)*100 | G74: *100%
A75: P.1.14 | B75: Cociente entre el número de personas con Hipertensión Arterial a quienes se les realizó como mínimo una medicina de LDL en el año y el número total de personas con Hipertensión Arterial reportados por 100 y expresado como porcentaje (%) | C75: Número de personas con Hipertensión Arterial a quienes se les realiza medición de LDL en el año | D75: Número total de personas con Hipertensión Arterial reportados | E75: Por 100 (%) | F75: =(numerador/denominador)*100 | G75: *100%
A76: P.1.15 | B76: Cociente entre el número de personas con Diabetes Mellitus a quienes se les realizó la toma de hemoglobina glicosilada en el último semestre y el número de total de personas con Diabetes Mellitus reportadas multiplicado por 100 y expresado como porcentaje (%). | C76: Número de personas con Diabetes Mellitus a quienes se les realizó la toma de hemoglobina glicosilada en el último semestre | D76: Número total de personas con Diabetes Mellitus reportadas | E76: Por 100 (%) | F76: =(numerador/denominador)*100 | G76: *100%
A77: P.1.16 | B77: Cociente entre el número de personas con Diabetes Mellitus a quienes se les realizó como mínimo una medicina de LDL en el año y el número total de personas con Diabetes Mellitus reportados por 100 expresado como porcentaje (%) | C77: Personas con Diabetes Mellitus a quienes se les realiza medición de LDL en el año | D77: Número total de personas con Diabetes Mellitus reportados | E77: Por 100 (%) | F77: =(numerador/denominador)*100 | G77: *100%
... A86: P.1.25 | B86: Cociente entre el número de menores de 18 años con LAP incidentes en el periodo con una diferencia en días entre el inicio de tratamiento y la fecha de diagnóstico menor o igual a 5 (asumiendo como fecha de inicio de tratamiento en los casos que no se tiene dato la fecha de corte del reporte) y el número de menores de 18 años con LAP incidentes en el periodo por 100 expresado como porcentaje (%) | C86: Número de menores de 18 años con LAP incidentes en el periodo con una diferencia en días entre el inicio de tratamiento y la fecha de diagnóstico menor o igual a 5 días. | D86: Número de menores de 18 años con LAP incidentes en el periodo | E86: Por 100 (%) | F86: =(numerador/denominador)*100 | G86: *100%
A87: P.2.1 | B87: Cociente entre el número de Neumonías Asociadas a Ventilador nuevas en la UCI adulto o pediátrica o neonatal y el número de días con ventilador mecánico en UCI (adulto o pediátrica o neonatal) en un mes de seguimiento por 1.000 días ventilador. | C87: Número de Neumonías Asociadas a Ventilador nuevas en la UCI (adulto o pediátrica o neonatal) | D87: Número de días ventilador mecánico en UCI (adulto o pediátrica o neonatal) | E87: Por 1000 días de ventilador | F87: = (numerador / denominador) *1000 | G87: 1000
A88: P.2.2 | B88: Cociente entre ISTU-AC nuevas en la UCI en un mes de seguimiento y el número de días con catéter urinario en UCI (adulto y pediátrica,) en un mes de seguimiento en un periodo, por 1.000 días catéter urinario. | C88: Sumatoria de los casos nuevos de Infección del Tracto Urinario Asociada a Catéter en un mes de seguimiento | D88: Número días catéter urinario en UCI (adulto, y pediátrica) en un mes de seguimiento | E88: Por 1000 días catéter urinario | F88: = (numerador / denominador) *1000 | G88: 1000
A89: P.2.3 | B89: Cociente entre ITS-AC nuevas en la UCI en un mes de seguimiento y el número de días catéter central en UCI (Adulto o Pediátrica o Neonatal) en un mes de seguimiento por 1.000 catéter central. | C89: Sumatoria de casos nuevos de Infección del Torrente Sanguíneo Asociada a Catéter en un mes de seguimiento. | D89: Número días catéter central en UCI (Adulto o Pediátrica o Neonatal) en un mes de seguimiento | E89: Por 1000 días catéter central | F89: = (numerador / denominador) *1000 | G89: 1000
A90: P.2.4 | B90: Cociente entre número de endometritis pos parto vaginal y el total de partos atendidos en un mes de seguimiento, multiplicado por 100 y expresado en (%) | C90: Número de endometritis pos parto vaginal | D90: Número total de partos atendidos | E90: Por 100 (%) | F90: =(numerador/denominador)*100 | G90: *100%
A91: P.2.5 | B91: Cociente entre número total de endometritis pos cesárea y el total de cesáreas realizadas en un mes de seguimiento, multiplicado por 100 y expresado en (%) | C91: Número de endometritis pos cesárea | D91: Número total de cesáreas realizadas | E91: Por 100 (%) | F91: =(numerador/denominador)*100 | G91: *100%
A92: P.2.6 | B92: Cociente entre el número total de pacientes hospitalizados que sufren caídas en el periodo y la sumatoria de días de estancia de los pacientes en los servicios de hospitalización por 1000. | C92: Número total de pacientes hospitalizados que sufren caídas en el periodo. | D92: Sumatoria de días de estancia de los pacientes en los servicios de hospitalización en el periodo. | E92: Por 1000 días de estancia | F92: = (numerador / denominador) *1000 | G92: 1000
A93: P.2.7 | B93: Cociente entre el número total de pacientes atendidos en urgencias que sufren caídas en el periodo y el total de personas atendidas en urgencias en el periodo por 1000 | C93: Número total de pacientes atendidos en urgencias que sufren caídas en el periodo. | D93: Total de personas atendidas en urgencias en el periodo | E93: Por 1000 personas atendidas en urgencias | F93: = (numerador / denominador) *1000 | G93: 1000
A94: P.2.8 | B94: Cociente entre el número total de pacientes atendidos en consulta externa que sufren caídas en el periodo y el total de personas atendidas en consulta externa en el periodo por 1000 | C94: Número total de pacientes atendidos en consulta externa que sufren caídas en el periodo | D94: Total de personas atendidas en consulta externa | E94: Por 1000 personas atendidas en consulta externa | F94: = (numerador / denominador) *1000 | G94: 1000
A95: P.2.9 | B95: Cociente entre el número total de pacientes atendidos en el servicio de Apoyo Diagnóstico y Complementación Terapéutica que sufren caídas en el periodo y el total de personas atendidas en Apoyo Diagnóstico y Complementación Terapéutica en el periodo por 1000 | C95: Número total de pacientes atendidos en el servicio denApoyo Diagnóstico y Complementación Terapéutica que sufren caídas | D95: Total de personas atendidas en el servicio de apoyo diagnóstico y complementación terapéutica. | E95: Por 1000 personas atendidas en Apoyo Diagnóstico y Complementación Terapéutica | F95: = (numerador / denominador) *1000 | G95: 1000
A96: P.2.10 | B96: Cociente entre el número de eventos adversos relacionados con la administración de medicamentos en hospitalización y el total de egresos de hospitalización en el periodo por 100 expresado como porcentaje (%). | C96: Número de eventos adversos relacionados con la administración de medicamentos en hospitalización. | D96: Total de egresos de hospitalización | E96: Por 100 (%) | F96: =(numerador/denominador)*100 | G96: *100%
A97: P.2.11 | B97: Cociente entre el número de eventos adversos relacionados con la administración de medicamentos en urgencias y el total de personas atendidas en urgencias en el periodo por 100 expresado como porcentaje (%) | C97: Número de eventos adversos relacionados con la administración de medicamentos en urgencias. | D97: Total de personas atendidas en urgencias. | E97: Por 100 (%) | F97: =(numerador/denominador)*100 | G97: *100%
A98: P.2.12 | B98: Cociente entre el número de pacientes que desarrollan úlceras por presión en la institución y la sumatoria de días de estancia de los pacientes en los servicios de hospitalización por 1000. | C98: Número de pacientes que desarrollan úlceras por presión en la institución en el periodo | D98: Sumatoria de días de estancia de los pacientes en los servicios de hospitalización | E98: Por 1000 días paciente | F98: = (numerador / denominador) *1000 | G98: 1000
A99: P.2.13 | B99: Cociente entre el número de pacientes que reingresan al servicio de urgencias en la misma institución antes de 72 horas con el mismo diagnóstico de egreso y el número total de egresos vivos atendidos en el servicio de urgencias durante el periodo definido, multiplicado por 100 expresado como porcentaje (%). | C99: Número de pacientes que reingresan al servicio de urgencias en la misma institución antes de 72 horas con el mismo diagnóstico de egreso | D99: Número total de egresos vivos atendidos en el servicio de urgencias durante el periodo definido | E99: Por 100 (%) | F99: =(numerador/denominador)*100 | G99: *100%
A100: P.2.14 | B100: Cociente entre el número de pacientes que reingresan al servicio de hospitalización, en la misma institución, antes de 15 días, por el mismo diagnóstico de egreso en el período y el número total de egresos vivos atendidos en el servicio de hospitalización en el periodo por 1000 egresos. | C100: Número de pacientes que reingresan al servicio de hospitalización, en la misma institución,antes de 15 días, por el mismo diagnóstico de egreso en el período | D100: Número total de egresos vivos atendidos en el servicio de hospitalización en el periodo | E100: Por 1000 egresos | F100: = (numerador / denominador) *1000 | G100: 1000
A101: P.2.15 | B101: Cociente entre el número total de cirugías programadas que fueron canceladas por causas atribuibles a la institución y número total de cirugías programadas en un periodo determinado por 100 expresado como porcentaje (%). | C101: Número total de cirugías programadas que fueron canceladas por causas atribuibles a la institución | D101: Número total de cirugías programadas | E101: Por 100 (%) | F101: =(numerador/denominador)*100 | G101: *100%
A102: P.3.1 | B102: Cociente entre la sumatoria de la diferencia de los días calendario entre la fecha en la que se asignó la cita de Medicina general de primera vez y la fecha en la cual el usuario la solicitó y el número total de citas de Medicina General de primera vez asignadas en un periodo determinado. | C102: Sumatoria de la diferencia de días calendario entre la fecha en la que se asignó la cita de Medicina general de primera vez y la fecha en la cual el usuario la solicitó | D102: Número total de citas de Medicina General de primera vez asignadas | E102: Días | F102: = numerador / denominador | G102: A/B
A103: P.3.2 | B103: Cociente entre la sumatoria de la diferencia de días calendario entre la fecha en la que se asignó la cita de Odontología general de primera vez y la fecha en la cual el usuario la solicitó y el número total de citas de Odontología General de primera vez asignadas en el periodo | C103: Sumatoria de la diferencia de días calendario entre la fecha en la que se asignó la cita de Odontología general de primera vez y la fecha en la cual el usuario la solicitó | D103: Número total de citas de Odontología General de primera vez asignadas | E103: Días | F103: = numerador / denominador | G103: A/B
A104: P.3.3 | B104: Cociente entre la sumatoria de la diferencia de los días calendario entre la fecha en la que se asignó la cita de Medicina Interna de primera vez y la fecha en la cual el usuario la solicitó y el número total de citas de Medicina Interna de primera vez asignadas en un periodo determinado. | C104: Sumatoria de la diferencia de días calendario entre la fecha en la que se asignó la cita de Medicina Interna de primera vez y la fecha en la cual el usuario la solicitó | D104: Número total de citas de Medicina interna de primera vez asignadas | E104: Días | F104: = numerador / denominador | G104: A/B
A105: P.3.4 | B105: Cociente entre la sumatoria de la diferencia de los días calendario entre la fecha en la que se asignó la cita de Pediatría de primera vez y la fecha en la cual el usuario la solicitó y el número total de citas de Pediatría de primera vez asignadas en un periodo determinado | C105: Sumatoria de la diferencia de días calendario entre la fecha en la que se asignó la cita de Pediatría de primera vez y la fecha en la cual el usuario la solicitó | D105: Número total de citas de Pediatría de primera vez asignadas | E105: Días | F105: = numerador / denominador | G105: A/B
A106: P.3.5 | B106: Cociente entre la sumatoria de la diferencia de los días calendario entre la fecha en la que se asignó la cita de Ginecología de primera vez y la fecha en la cual el usuario la solicitó y el número total de citas de Ginecología de primera vez asignadas en un periodo determinado | C106: Sumatoria de la diferencia de días calendario entre la fecha en la que se asignó la cita de Ginecología de primera vez y la fecha en la cual el usuario la solicitó | D106: Número total de citas de Ginecología de primera vez asignadas | E106: Días | F106: = numerador / denominador | G106: A/B
A107: P.3.6 | B107: Cociente entre la sumatoria de la diferencia de los días calendario entre la fecha en la que se asignó la cita de Obstetricia de primera vez y la fecha en la cual el usuario la solicitó y el número total de citas de Obstetricia de primera vez asignadas en un periodo determinado | C107: Sumatoria de la diferencia de días calendario entre la fecha en la que se asignó la cita de Obstetricia de primera vez y la fecha en la cual el usuario la solicitó | D107: Número total de citas de Obstetricia de primera vez asignadas | E107: Días | F107: = numerador / denominador | G107: A/B
A108: P.3.7 | B108: Cociente entre la sumatoria de la diferencia de los días calendario entre la fecha en la que se asignó la cita de Cirugía General de primera vez y la fecha en la cual el usuario la solicitó y el número total de citas de Cirugía General de primera vez asignadas en un periodo determinado | C108: Sumatoria de la diferencia de días calendario entre la fecha en la que se asignó la cita de Cirugía General de primera vez y la fecha en la cual el usuario la solicitó | D108: Número total de citas de Cirugía General de primera vez asignadas | E108: Días | F108: = numerador / denominador | G108: A/B
A109: P.3.8 | B109: Cociente entre la sumatoria de la diferencia de días calendario entre la fecha en la que se realiza la toma de la Ecografía y la fecha en la que se solicita y el número total de Ecografías realizadas en un periodo determinado | C109: Sumatoria de la diferencia de días calendario entre la fecha en la que se realiza la toma de la Ecografía y la fecha en la que se solicita | D109: Número total de Ecografías realizadas | E109: Días | F109: = numerador / denominador | G109: A/B
A110: P.3.9 | B110: Cociente entre la sumatoria de la diferencia de días calendario entre la fecha en la que se realiza la toma de la de Resonancia Magnética Nuclear y la fecha en la que se solicita y el número total de Resonancia Magnética Nuclear realizadas en un periodo determinado. | C110: Sumatoria de la diferencia de días calendario entre la fecha en la que se realiza la toma de la de Resonancia Magnética Nuclear y la fecha en la que se solicita | D110: Número total de Resonancia Magnética Nuclear realizadas | E110: Días | F110: = numerador / denominador | G110: A/B
A111: P.3.10 | B111: Cociente entre la sumatoria del número de minutos transcurridos a partir de que el paciente es clasificado como Triage 2 y el momento en el cual es atendido en consulta de Urgencias por médico y el número total de pacientes clasificados como Triage 2, en un periodo determinado. | C111: Sumatoria del número de minutos transcurridos a partir de que el paciente es clasificado como Triage 2 y el momento en el cual es atendido en consulta de Urgencias por médico | D111: Número total de pacientes clasificados como Triage 2, en un periodo determinado | E111: Minutos | F111: = numerador / denominador | G111: A/B
A112: P.3.11 | B112: Cociente entre la sumatoria total de los días calendario transcurridos entre la fecha de solicitud de programación de la Cirugía de Cataratas y la fecha de realización y el número total de cirugías de Cataratas realizadas en un periodo determinado. | C112: Sumatoria total de los días calendario transcurridos entre la fecha de solicitud de programación de la Cirugía de Cataratas y la fecha de realización | D112: Número total de cirugías de Cataratas realizadas | E112: Días | F112: = numerador / denominador | G112: A/B
... A116: P.3.15 | B116: Se calcula como el cociente entre el número de usuarios que respondieron “definitivamente sí” o “probablemente sí” a la pregunta:” ¿recomendaría a sus familiares y amigos esta IPS?”, y el número de usuarios que respondieron la pregunta, por 100 expresado como porcentaje (%) | C116: Número de usuarios que respondieron “definitivamente sí” o “probablemente sí” a la pregunta:” ¿recomendaría a sus familiares y amigos esta IPS?” | D116: Número de usuarios que respondieron la pregunta | E116: Por 100 (%) | F116: =(numerador/denominador)*100 | G116: *100%

Sheet 3. RESULTADO IND
B2: SEGUIMIENTO AL DESEMPEÑO DE INDICADORES | L2: SEGUIMIENTO DE INDICADORES
L3: ENERO | O3: FEBRERO | R3: MARZO | U3: ABRIL | X3: MAYO | AA3: JUNIO | AD3: JULIO | AG3: AGOSTO | AJ3: SEPTIEMBRE | AM3: OCTUBRE | AP3: NOVIEMBRE | AS3: DICIEMBRE
B4: No. | C4: CODIGO | D4: NOMBRE DEL INDICADOR | E4: TENDENCIA DE LOS RESULTADOS | F4: META | G4: PERIODICIDAD DE MEDICIÓN | H4: RESPONSABLE | I4: FORMULA | J4: UNIDAD | K4: TENDENCIA DEL INDICADOR | L4: NUMERADOR ENERO | M4: DENOMINADOR ENERO | N4: RESULTADO ENERO | O4: NUMERADOR FEBRERO | P4: DENOMINADOR FEBRERO | Q4: RESULTADO FEBRERO | R4: NUMERADOR MARZO | S4: DENOMINADOR MARZO | T4: RESULTADO MARZO | U4: NUMERADOR ABRIL | V4: DENOMINADOR ABRIL | W4: RESULTADO ABRIL | X4: NUMERADOR MAYO | Y4: DENOMINADOR MAYO | Z4: RESULTADO MAYO | AA4: NUMERADOR JUNIO | AB4: DENOMINADOR JUNIO | AC4: RESULTADO JUNIO | AD4: NUMERADOR JULIO | AE4: DENOMINADOR JULIO | AF4: RESULTADO JULIO | AG4: NUMERADOR AGOSTO | AH4: DENOMINADOR AGOSTO | AI4: RESULTADO AGOSTO | AJ4: NUMERADOR SEPTIEMBRE | AK4: DENOMINADOR SEPTIEMBRE | AL4: RESULTADO SEPTIEMBRE | AM4: NUMERADOR OCTUBRE | AN4: DENOMINADOR OCTUBRE | AO4: RESULTADO OCTUBRE | AP4: NUMERADOR NOVIEMBRE | AQ4: DENOMINADOR NOVIEMBRE | AR4: RESULTADO NOVIEMBRE | AS4: NUMERADOR DICIEMBRE | AT4: DENOMINADOR DICIEMBRE | AU4: RESULTADO DICIEMBRE
B5: 1 | C5: ='1-ANALISIS'!B6 | D5: ='1-ANALISIS'!C6 | F5: =VLOOKUP(Tabla7[[#This Row],[CODIGO]],ANALISIS[[#All],[CODIGO]:[META]],3,FALSE) -> 0 | I5: =IFERROR(VLOOKUP(Tabla7[[#This Row],[CODIGO]],GRAFOS!$A$61:$F$116,6,FALSE),"") | J5: =IFERROR(VLOOKUP(Tabla7[[#This Row],[CODIGO]],GRAFOS!$A$61:$E$116,5,FALSE),"") | N5: =IF(AV5="*100%",L5/M5*100,IF(AV5=1000,L5/M5*1000,IF(AV5="A/B",L5/M5))) -> #N/A | Q5: =IF(AV5="*100%",O5/P5*100,IF(AV5=1000,O5/P5*1000,IF(AV5="A/B",O5/P5))) -> #N/A | T5: =IF(AV5="*100%",R5/S5*100,IF(AV5=1000,R5/S5*1000,IF(AV5="A/B",R5/S5))) -> #N/A | W5: =IF(AV5="*100%",U5/V5*100,IF(AV5=1000,U5/V5*1000,IF(AV5="A/B",U5/V5))) -> #N/A | Z5: =IF(AV5="*100%",X5/Y5*100,IF(AV5=1000,X5/Y5*1000,IF(AV5="A/B",X5/Y5))) -> #N/A | AC5: =IF(AV5="*100%",AA5/AB5*100,IF(AV5=1000,AA5/AB5*1000,IF(AV5="A/B",AA5/AB5))) -> #N/A | AF5: =IF(AV5="*100%",AD5/AE5*100,IF(AV5=1000,AD5/AE5*1000,IF(AV5="A/B",AD5/AE5))) -> #N/A | AI5: =IF(AV5="*100%",AG5/AH5*100,IF(AV5=1000,AG5/AH5*1000,IF(AV5="A/B",AG5/AH5))) -> #N/A | AL5: =IF(AV5="*100%",AJ5/AK5*100,IF(AV5=1000,AJ5/AK5*1000,IF(AV5="A/B",AJ5/AK5))) -> #N/A | AO5: =IF(AV5="*100%",AM5/AN5*100,IF(AV5=1000,AM5/AN5*1000,IF(AV5="A/B",AM5/AN5))) -> #N/A | AR5: =IF(AV5="*100%",AP5/AQ5*100,IF(AV5=1000,AP5/AQ5*1000,IF(AV5="A/B",AP5/AQ5))) -> #N/A | AU5: =IF(AV5="*100%",AS5/AT5*100,IF(AV5=1000,AS5/AT5*1000,IF(AV5="A/B",AS5/AT5))) -> #N/A | AV5: =VLOOKUP(C5,GRAFOS!$A$61:$G$116,7,FALSE) -> #N/A | AW5: =Tabla7[[#This Row],[RESULTADO ENERO]] -> #N/A | AX5: =Tabla7[[#This Row],[RESULTADO FEBRERO]] -> #N/A | AY5: =Tabla7[[#This Row],[RESULTADO MARZO]] -> #N/A | AZ5: =Tabla7[[#This Row],[RESULTADO ABRIL]] -> #N/A | BA5: =Tabla7[[#This Row],[RESULTADO MAYO]] -> #N/A | BB5: =Tabla7[[#This Row],[RESULTADO JUNIO]] -> #N/A | BC5: =Tabla7[[#This Row],[RESULTADO JULIO]] -> #N/A | BD5: =Tabla7[[#This Row],[RESULTADO AGOSTO]] -> #N/A | BE5: =Tabla7[[#This Row],[RESULTADO SEPTIEMBRE]] -> #N/A | BF5: =Tabla7[[#This Row],[RESULTADO OCTUBRE]] -> #N/A | BG5: =Tabla7[[#This Row],[RESULTADO NOVIEMBRE]] -> #N/A | BH5: =Tabla7[[#This Row],[RESULTADO DICIEMBRE]] -> #N/A
B6: 2 | C6: ='1-ANALISIS'!B7 | D6: ='1-ANALISIS'!C7 | F6: =VLOOKUP(Tabla7[[#This Row],[CODIGO]],ANALISIS[[#All],[CODIGO]:[META]],3,FALSE) -> 0 | I6: =IFERROR(VLOOKUP(Tabla7[[#This Row],[CODIGO]],GRAFOS!$A$61:$F$116,6,FALSE),"") | J6: =IFERROR(VLOOKUP(Tabla7[[#This Row],[CODIGO]],GRAFOS!$A$61:$E$116,5,FALSE),"") | N6: =IF(AV6="*100%",L6/M6*100,IF(AV6=1000,L6/M6*1000,IF(AV6="A/B",L6/M6))) -> #N/A | Q6: =IF(AV6="*100%",O6/P6*100,IF(AV6=1000,O6/P6*1000,IF(AV6="A/B",O6/P6))) -> #N/A | T6: =IF(AV6="*100%",R6/S6*100,IF(AV6=1000,R6/S6*1000,IF(AV6="A/B",R6/S6))) -> #N/A | W6: =IF(AV6="*100%",U6/V6*100,IF(AV6=1000,U6/V6*1000,IF(AV6="A/B",U6/V6))) -> #N/A | Z6: =IF(AV6="*100%",X6/Y6*100,IF(AV6=1000,X6/Y6*1000,IF(AV6="A/B",X6/Y6))) -> #N/A | AC6: =IF(AV6="*100%",AA6/AB6*100,IF(AV6=1000,AA6/AB6*1000,IF(AV6="A/B",AA6/AB6))) -> #N/A | AF6: =IF(AV6="*100%",AD6/AE6*100,IF(AV6=1000,AD6/AE6*1000,IF(AV6="A/B",AD6/AE6))) -> #N/A | AI6: =IF(AV6="*100%",AG6/AH6*100,IF(AV6=1000,AG6/AH6*1000,IF(AV6="A/B",AG6/AH6))) -> #N/A | AL6: =IF(AV6="*100%",AJ6/AK6*100,IF(AV6=1000,AJ6/AK6*1000,IF(AV6="A/B",AJ6/AK6))) -> #N/A | AO6: =IF(AV6="*100%",AM6/AN6*100,IF(AV6=1000,AM6/AN6*1000,IF(AV6="A/B",AM6/AN6))) -> #N/A | AR6: =IF(AV6="*100%",AP6/AQ6*100,IF(AV6=1000,AP6/AQ6*1000,IF(AV6="A/B",AP6/AQ6))) -> #N/A | AU6: =IF(AV6="*100%",AS6/AT6*100,IF(AV6=1000,AS6/AT6*1000,IF(AV6="A/B",AS6/AT6))) -> #N/A | AV6: =VLOOKUP(C6,GRAFOS!$A$61:$G$116,7,FALSE) -> #N/A | AW6: =Tabla7[[#This Row],[RESULTADO ENERO]] -> #N/A | AX6: =Tabla7[[#This Row],[RESULTADO FEBRERO]] -> #N/A | AY6: =Tabla7[[#This Row],[RESULTADO MARZO]] -> #N/A | AZ6: =Tabla7[[#This Row],[RESULTADO ABRIL]] -> #N/A | BA6: =Tabla7[[#This Row],[RESULTADO MAYO]] -> #N/A | BB6: =Tabla7[[#This Row],[RESULTADO JUNIO]] -> #N/A | BC6: =Tabla7[[#This Row],[RESULTADO JULIO]] -> #N/A | BD6: =Tabla7[[#This Row],[RESULTADO AGOSTO]] -> #N/A | BE6: =Tabla7[[#This Row],[RESULTADO SEPTIEMBRE]] -> #N/A | BF6: =Tabla7[[#This Row],[RESULTADO OCTUBRE]] -> #N/A | BG6: =Tabla7[[#This Row],[RESULTADO NOVIEMBRE]] -> #N/A | BH6: =Tabla7[[#This Row],[RESULTADO DICIEMBRE]] -> #N/A
B7: 3 | C7: ='1-ANALISIS'!B8 | D7: ='1-ANALISIS'!C8 | F7: =VLOOKUP(Tabla7[[#This Row],[CODIGO]],ANALISIS[[#All],[CODIGO]:[META]],3,FALSE) -> 0 | I7: =IFERROR(VLOOKUP(Tabla7[[#This Row],[CODIGO]],GRAFOS!$A$61:$F$116,6,FALSE),"") | J7: =IFERROR(VLOOKUP(Tabla7[[#This Row],[CODIGO]],GRAFOS!$A$61:$E$116,5,FALSE),"") | N7: =IF(AV7="*100%",L7/M7*100,IF(AV7=1000,L7/M7*1000,IF(AV7="A/B",L7/M7))) -> #N/A | Q7: =IF(AV7="*100%",O7/P7*100,IF(AV7=1000,O7/P7*1000,IF(AV7="A/B",O7/P7))) -> #N/A | T7: =IF(AV7="*100%",R7/S7*100,IF(AV7=1000,R7/S7*1000,IF(AV7="A/B",R7/S7))) -> #N/A | W7: =IF(AV7="*100%",U7/V7*100,IF(AV7=1000,U7/V7*1000,IF(AV7="A/B",U7/V7))) -> #N/A | Z7: =IF(AV7="*100%",X7/Y7*100,IF(AV7=1000,X7/Y7*1000,IF(AV7="A/B",X7/Y7))) -> #N/A | AC7: =IF(AV7="*100%",AA7/AB7*100,IF(AV7=1000,AA7/AB7*1000,IF(AV7="A/B",AA7/AB7))) -> #N/A | AF7: =IF(AV7="*100%",AD7/AE7*100,IF(AV7=1000,AD7/AE7*1000,IF(AV7="A/B",AD7/AE7))) -> #N/A | AI7: =IF(AV7="*100%",AG7/AH7*100,IF(AV7=1000,AG7/AH7*1000,IF(AV7="A/B",AG7/AH7))) -> #N/A | AL7: =IF(AV7="*100%",AJ7/AK7*100,IF(AV7=1000,AJ7/AK7*1000,IF(AV7="A/B",AJ7/AK7))) -> #N/A | AO7: =IF(AV7="*100%",AM7/AN7*100,IF(AV7=1000,AM7/AN7*1000,IF(AV7="A/B",AM7/AN7))) -> #N/A | AR7: =IF(AV7="*100%",AP7/AQ7*100,IF(AV7=1000,AP7/AQ7*1000,IF(AV7="A/B",AP7/AQ7))) -> #N/A | AU7: =IF(AV7="*100%",AS7/AT7*100,IF(AV7=1000,AS7/AT7*1000,IF(AV7="A/B",AS7/AT7))) -> #N/A | AV7: =VLOOKUP(C7,GRAFOS!$A$61:$G$116,7,FALSE) -> #N/A | AW7: =Tabla7[[#This Row],[RESULTADO ENERO]] -> #N/A | AX7: =Tabla7[[#This Row],[RESULTADO FEBRERO]] -> #N/A | AY7: =Tabla7[[#This Row],[RESULTADO MARZO]] -> #N/A | AZ7: =Tabla7[[#This Row],[RESULTADO ABRIL]] -> #N/A | BA7: =Tabla7[[#This Row],[RESULTADO MAYO]] -> #N/A | BB7: =Tabla7[[#This Row],[RESULTADO JUNIO]] -> #N/A | BC7: =Tabla7[[#This Row],[RESULTADO JULIO]] -> #N/A | BD7: =Tabla7[[#This Row],[RESULTADO AGOSTO]] -> #N/A | BE7: =Tabla7[[#This Row],[RESULTADO SEPTIEMBRE]] -> #N/A | BF7: =Tabla7[[#This Row],[RESULTADO OCTUBRE]] -> #N/A | BG7: =Tabla7[[#This Row],[RESULTADO NOVIEMBRE]] -> #N/A | BH7: =Tabla7[[#This Row],[RESULTADO DICIEMBRE]] -> #N/A
B8: 4 | C8: ='1-ANALISIS'!B9 | D8: ='1-ANALISIS'!C9 | F8: =VLOOKUP(Tabla7[[#This Row],[CODIGO]],ANALISIS[[#All],[CODIGO]:[META]],3,FALSE) -> 0 | I8: =IFERROR(VLOOKUP(Tabla7[[#This Row],[CODIGO]],GRAFOS!$A$61:$F$116,6,FALSE),"") | J8: =IFERROR(VLOOKUP(Tabla7[[#This Row],[CODIGO]],GRAFOS!$A$61:$E$116,5,FALSE),"") | N8: =IF(AV8="*100%",L8/M8*100,IF(AV8=1000,L8/M8*1000,IF(AV8="A/B",L8/M8))) -> #N/A | Q8: =IF(AV8="*100%",O8/P8*100,IF(AV8=1000,O8/P8*1000,IF(AV8="A/B",O8/P8))) -> #N/A | T8: =IF(AV8="*100%",R8/S8*100,IF(AV8=1000,R8/S8*1000,IF(AV8="A/B",R8/S8))) -> #N/A | W8: =IF(AV8="*100%",U8/V8*100,IF(AV8=1000,U8/V8*1000,IF(AV8="A/B",U8/V8))) -> #N/A | Z8: =IF(AV8="*100%",X8/Y8*100,IF(AV8=1000,X8/Y8*1000,IF(AV8="A/B",X8/Y8))) -> #N/A | AC8: =IF(AV8="*100%",AA8/AB8*100,IF(AV8=1000,AA8/AB8*1000,IF(AV8="A/B",AA8/AB8))) -> #N/A | AF8: =IF(AV8="*100%",AD8/AE8*100,IF(AV8=1000,AD8/AE8*1000,IF(AV8="A/B",AD8/AE8))) -> #N/A | AI8: =IF(AV8="*100%",AG8/AH8*100,IF(AV8=1000,AG8/AH8*1000,IF(AV8="A/B",AG8/AH8))) -> #N/A | AL8: =IF(AV8="*100%",AJ8/AK8*100,IF(AV8=1000,AJ8/AK8*1000,IF(AV8="A/B",AJ8/AK8))) -> #N/A | AO8: =IF(AV8="*100%",AM8/AN8*100,IF(AV8=1000,AM8/AN8*1000,IF(AV8="A/B",AM8/AN8))) -> #N/A | AR8: =IF(AV8="*100%",AP8/AQ8*100,IF(AV8=1000,AP8/AQ8*1000,IF(AV8="A/B",AP8/AQ8))) -> #N/A | AU8: =IF(AV8="*100%",AS8/AT8*100,IF(AV8=1000,AS8/AT8*1000,IF(AV8="A/B",AS8/AT8))) -> #N/A | AV8: =VLOOKUP(C8,GRAFOS!$A$61:$G$116,7,FALSE) -> #N/A | AW8: =Tabla7[[#This Row],[RESULTADO ENERO]] -> #N/A | AX8: =Tabla7[[#This Row],[RESULTADO FEBRERO]] -> #N/A | AY8: =Tabla7[[#This Row],[RESULTADO MARZO]] -> #N/A | AZ8: =Tabla7[[#This Row],[RESULTADO ABRIL]] -> #N/A | BA8: =Tabla7[[#This Row],[RESULTADO MAYO]] -> #N/A | BB8: =Tabla7[[#This Row],[RESULTADO JUNIO]] -> #N/A | BC8: =Tabla7[[#This Row],[RESULTADO JULIO]] -> #N/A | BD8: =Tabla7[[#This Row],[RESULTADO AGOSTO]] -> #N/A | BE8: =Tabla7[[#This Row],[RESULTADO SEPTIEMBRE]] -> #N/A | BF8: =Tabla7[[#This Row],[RESULTADO OCTUBRE]] -> #N/A | BG8: =Tabla7[[#This Row],[RESULTADO NOVIEMBRE]] -> #N/A | BH8: =Tabla7[[#This Row],[RESULTADO DICIEMBRE]] -> #N/A
B9: 5 | C9: ='1-ANALISIS'!B10 | D9: ='1-ANALISIS'!C10 | F9: =VLOOKUP(Tabla7[[#This Row],[CODIGO]],ANALISIS[[#All],[CODIGO]:[META]],3,FALSE) -> 0 | I9: =IFERROR(VLOOKUP(Tabla7[[#This Row],[CODIGO]],GRAFOS!$A$61:$F$116,6,FALSE),"") | J9: =IFERROR(VLOOKUP(Tabla7[[#This Row],[CODIGO]],GRAFOS!$A$61:$E$116,5,FALSE),"") | N9: =IF(AV9="*100%",L9/M9*100,IF(AV9=1000,L9/M9*1000,IF(AV9="A/B",L9/M9))) -> #N/A | Q9: =IF(AV9="*100%",O9/P9*100,IF(AV9=1000,O9/P9*1000,IF(AV9="A/B",O9/P9))) -> #N/A | T9: =IF(AV9="*100%",R9/S9*100,IF(AV9=1000,R9/S9*1000,IF(AV9="A/B",R9/S9))) -> #N/A | W9: =IF(AV9="*100%",U9/V9*100,IF(AV9=1000,U9/V9*1000,IF(AV9="A/B",U9/V9))) -> #N/A | Z9: =IF(AV9="*100%",X9/Y9*100,IF(AV9=1000,X9/Y9*1000,IF(AV9="A/B",X9/Y9))) -> #N/A | AC9: =IF(AV9="*100%",AA9/AB9*100,IF(AV9=1000,AA9/AB9*1000,IF(AV9="A/B",AA9/AB9))) -> #N/A | AF9: =IF(AV9="*100%",AD9/AE9*100,IF(AV9=1000,AD9/AE9*1000,IF(AV9="A/B",AD9/AE9))) -> #N/A | AI9: =IF(AV9="*100%",AG9/AH9*100,IF(AV9=1000,AG9/AH9*1000,IF(AV9="A/B",AG9/AH9))) -> #N/A | AL9: =IF(AV9="*100%",AJ9/AK9*100,IF(AV9=1000,AJ9/AK9*1000,IF(AV9="A/B",AJ9/AK9))) -> #N/A | AO9: =IF(AV9="*100%",AM9/AN9*100,IF(AV9=1000,AM9/AN9*1000,IF(AV9="A/B",AM9/AN9))) -> #N/A | AR9: =IF(AV9="*100%",AP9/AQ9*100,IF(AV9=1000,AP9/AQ9*1000,IF(AV9="A/B",AP9/AQ9))) -> #N/A | AU9: =IF(AV9="*100%",AS9/AT9*100,IF(AV9=1000,AS9/AT9*1000,IF(AV9="A/B",AS9/AT9))) -> #N/A | AV9: =VLOOKUP(C9,GRAFOS!$A$61:$G$116,7,FALSE) -> #N/A | AW9: =Tabla7[[#This Row],[RESULTADO ENERO]] -> #N/A | AX9: =Tabla7[[#This Row],[RESULTADO FEBRERO]] -> #N/A | AY9: =Tabla7[[#This Row],[RESULTADO MARZO]] -> #N/A | AZ9: =Tabla7[[#This Row],[RESULTADO ABRIL]] -> #N/A | BA9: =Tabla7[[#This Row],[RESULTADO MAYO]] -> #N/A | BB9: =Tabla7[[#This Row],[RESULTADO JUNIO]] -> #N/A | BC9: =Tabla7[[#This Row],[RESULTADO JULIO]] -> #N/A | BD9: =Tabla7[[#This Row],[RESULTADO AGOSTO]] -> #N/A | BE9: =Tabla7[[#This Row],[RESULTADO SEPTIEMBRE]] -> #N/A | BF9: =Tabla7[[#This Row],[RESULTADO OCTUBRE]] -> #N/A | BG9: =Tabla7[[#This Row],[RESULTADO NOVIEMBRE]] -> #N/A | BH9: =Tabla7[[#This Row],[RESULTADO DICIEMBRE]] -> #N/A
B10: 6 | C10: ='1-ANALISIS'!B11 | D10: ='1-ANALISIS'!C11 | F10: =VLOOKUP(Tabla7[[#This Row],[CODIGO]],ANALISIS[[#All],[CODIGO]:[META]],3,FALSE) -> 0 | I10: =IFERROR(VLOOKUP(Tabla7[[#This Row],[CODIGO]],GRAFOS!$A$61:$F$116,6,FALSE),"") | J10: =IFERROR(VLOOKUP(Tabla7[[#This Row],[CODIGO]],GRAFOS!$A$61:$E$116,5,FALSE),"") | N10: =IF(AV10="*100%",L10/M10*100,IF(AV10=1000,L10/M10*1000,IF(AV10="A/B",L10/M10))) -> #N/A | Q10: =IF(AV10="*100%",O10/P10*100,IF(AV10=1000,O10/P10*1000,IF(AV10="A/B",O10/P10))) -> #N/A | T10: =IF(AV10="*100%",R10/S10*100,IF(AV10=1000,R10/S10*1000,IF(AV10="A/B",R10/S10))) -> #N/A | W10: =IF(AV10="*100%",U10/V10*100,IF(AV10=1000,U10/V10*1000,IF(AV10="A/B",U10/V10))) -> #N/A | Z10: =IF(AV10="*100%",X10/Y10*100,IF(AV10=1000,X10/Y10*1000,IF(AV10="A/B",X10/Y10))) -> #N/A | AC10: =IF(AV10="*100%",AA10/AB10*100,IF(AV10=1000,AA10/AB10*1000,IF(AV10="A/B",AA10/AB10))) -> #N/A | AF10: =IF(AV10="*100%",AD10/AE10*100,IF(AV10=1000,AD10/AE10*1000,IF(AV10="A/B",AD10/AE10))) -> #N/A | AI10: =IF(AV10="*100%",AG10/AH10*100,IF(AV10=1000,AG10/AH10*1000,IF(AV10="A/B",AG10/AH10))) -> #N/A | AL10: =IF(AV10="*100%",AJ10/AK10*100,IF(AV10=1000,AJ10/AK10*1000,IF(AV10="A/B",AJ10/AK10))) -> #N/A | AO10: =IF(AV10="*100%",AM10/AN10*100,IF(AV10=1000,AM10/AN10*1000,IF(AV10="A/B",AM10/AN10))) -> #N/A | AR10: =IF(AV10="*100%",AP10/AQ10*100,IF(AV10=1000,AP10/AQ10*1000,IF(AV10="A/B",AP10/AQ10))) -> #N/A | AU10: =IF(AV10="*100%",AS10/AT10*100,IF(AV10=1000,AS10/AT10*1000,IF(AV10="A/B",AS10/AT10))) -> #N/A | AV10: =VLOOKUP(C10,GRAFOS!$A$61:$G$116,7,FALSE) -> #N/A | AW10: =Tabla7[[#This Row],[RESULTADO ENERO]] -> #N/A | AX10: =Tabla7[[#This Row],[RESULTADO FEBRERO]] -> #N/A | AY10: =Tabla7[[#This Row],[RESULTADO MARZO]] -> #N/A | AZ10: =Tabla7[[#This Row],[RESULTADO ABRIL]] -> #N/A | BA10: =Tabla7[[#This Row],[RESULTADO MAYO]] -> #N/A | BB10: =Tabla7[[#This Row],[RESULTADO JUNIO]] -> #N/A | BC10: =Tabla7[[#This Row],[RESULTADO JULIO]] -> #N/A | BD10: =Tabla7[[#This Row],[RESULTADO AGOSTO]] -> #N/A | BE10: =Tabla7[[#This Row],[RESULTADO SEPTIEMBRE]] -> #N/A | BF10: =Tabla7[[#This Row],[RESULTADO OCTUBRE]] -> #N/A | BG10: =Tabla7[[#This Row],[RESULTADO NOVIEMBRE]] -> #N/A | BH10: =Tabla7[[#This Row],[RESULTADO DICIEMBRE]] -> #N/A
B11: 7 | C11: ='1-ANALISIS'!B12 | D11: ='1-ANALISIS'!C12 | F11: =VLOOKUP(Tabla7[[#This Row],[CODIGO]],ANALISIS[[#All],[CODIGO]:[META]],3,FALSE) -> 0 | I11: =IFERROR(VLOOKUP(Tabla7[[#This Row],[CODIGO]],GRAFOS!$A$61:$F$116,6,FALSE),"") | J11: =IFERROR(VLOOKUP(Tabla7[[#This Row],[CODIGO]],GRAFOS!$A$61:$E$116,5,FALSE),"") | N11: =IF(AV11="*100%",L11/M11*100,IF(AV11=1000,L11/M11*1000,IF(AV11="A/B",L11/M11))) -> #N/A | Q11: =IF(AV11="*100%",O11/P11*100,IF(AV11=1000,O11/P11*1000,IF(AV11="A/B",O11/P11))) -> #N/A | T11: =IF(AV11="*100%",R11/S11*100,IF(AV11=1000,R11/S11*1000,IF(AV11="A/B",R11/S11))) -> #N/A | W11: =IF(AV11="*100%",U11/V11*100,IF(AV11=1000,U11/V11*1000,IF(AV11="A/B",U11/V11))) -> #N/A | Z11: =IF(AV11="*100%",X11/Y11*100,IF(AV11=1000,X11/Y11*1000,IF(AV11="A/B",X11/Y11))) -> #N/A | AC11: =IF(AV11="*100%",AA11/AB11*100,IF(AV11=1000,AA11/AB11*1000,IF(AV11="A/B",AA11/AB11))) -> #N/A | AF11: =IF(AV11="*100%",AD11/AE11*100,IF(AV11=1000,AD11/AE11*1000,IF(AV11="A/B",AD11/AE11))) -> #N/A | AI11: =IF(AV11="*100%",AG11/AH11*100,IF(AV11=1000,AG11/AH11*1000,IF(AV11="A/B",AG11/AH11))) -> #N/A | AL11: =IF(AV11="*100%",AJ11/AK11*100,IF(AV11=1000,AJ11/AK11*1000,IF(AV11="A/B",AJ11/AK11))) -> #N/A | AO11: =IF(AV11="*100%",AM11/AN11*100,IF(AV11=1000,AM11/AN11*1000,IF(AV11="A/B",AM11/AN11))) -> #N/A | AR11: =IF(AV11="*100%",AP11/AQ11*100,IF(AV11=1000,AP11/AQ11*1000,IF(AV11="A/B",AP11/AQ11))) -> #N/A | AU11: =IF(AV11="*100%",AS11/AT11*100,IF(AV11=1000,AS11/AT11*1000,IF(AV11="A/B",AS11/AT11))) -> #N/A | AV11: =VLOOKUP(C11,GRAFOS!$A$61:$G$116,7,FALSE) -> #N/A | AW11: =Tabla7[[#This Row],[RESULTADO ENERO]] -> #N/A | AX11: =Tabla7[[#This Row],[RESULTADO FEBRERO]] -> #N/A | AY11: =Tabla7[[#This Row],[RESULTADO MARZO]] -> #N/A | AZ11: =Tabla7[[#This Row],[RESULTADO ABRIL]] -> #N/A | BA11: =Tabla7[[#This Row],[RESULTADO MAYO]] -> #N/A | BB11: =Tabla7[[#This Row],[RESULTADO JUNIO]] -> #N/A | BC11: =Tabla7[[#This Row],[RESULTADO JULIO]] -> #N/A | BD11: =Tabla7[[#This Row],[RESULTADO AGOSTO]] -> #N/A | BE11: =Tabla7[[#This Row],[RESULTADO SEPTIEMBRE]] -> #N/A | BF11: =Tabla7[[#This Row],[RESULTADO OCTUBRE]] -> #N/A | BG11: =Tabla7[[#This Row],[RESULTADO NOVIEMBRE]] -> #N/A | BH11: =Tabla7[[#This Row],[RESULTADO DICIEMBRE]] -> #N/A
B12: 8 | C12: ='1-ANALISIS'!B13 | D12: ='1-ANALISIS'!C13 | F12: =VLOOKUP(Tabla7[[#This Row],[CODIGO]],ANALISIS[[#All],[CODIGO]:[META]],3,FALSE) -> 0 | I12: =IFERROR(VLOOKUP(Tabla7[[#This Row],[CODIGO]],GRAFOS!$A$61:$F$116,6,FALSE),"") | J12: =IFERROR(VLOOKUP(Tabla7[[#This Row],[CODIGO]],GRAFOS!$A$61:$E$116,5,FALSE),"") | N12: =IF(AV12="*100%",L12/M12*100,IF(AV12=1000,L12/M12*1000,IF(AV12="A/B",L12/M12))) -> #N/A | Q12: =IF(AV12="*100%",O12/P12*100,IF(AV12=1000,O12/P12*1000,IF(AV12="A/B",O12/P12))) -> #N/A | T12: =IF(AV12="*100%",R12/S12*100,IF(AV12=1000,R12/S12*1000,IF(AV12="A/B",R12/S12))) -> #N/A | W12: =IF(AV12="*100%",U12/V12*100,IF(AV12=1000,U12/V12*1000,IF(AV12="A/B",U12/V12))) -> #N/A | Z12: =IF(AV12="*100%",X12/Y12*100,IF(AV12=1000,X12/Y12*1000,IF(AV12="A/B",X12/Y12))) -> #N/A | AC12: =IF(AV12="*100%",AA12/AB12*100,IF(AV12=1000,AA12/AB12*1000,IF(AV12="A/B",AA12/AB12))) -> #N/A | AF12: =IF(AV12="*100%",AD12/AE12*100,IF(AV12=1000,AD12/AE12*1000,IF(AV12="A/B",AD12/AE12))) -> #N/A | AI12: =IF(AV12="*100%",AG12/AH12*100,IF(AV12=1000,AG12/AH12*1000,IF(AV12="A/B",AG12/AH12))) -> #N/A | AL12: =IF(AV12="*100%",AJ12/AK12*100,IF(AV12=1000,AJ12/AK12*1000,IF(AV12="A/B",AJ12/AK12))) -> #N/A | AO12: =IF(AV12="*100%",AM12/AN12*100,IF(AV12=1000,AM12/AN12*1000,IF(AV12="A/B",AM12/AN12))) -> #N/A | AR12: =IF(AV12="*100%",AP12/AQ12*100,IF(AV12=1000,AP12/AQ12*1000,IF(AV12="A/B",AP12/AQ12))) -> #N/A | AU12: =IF(AV12="*100%",AS12/AT12*100,IF(AV12=1000,AS12/AT12*1000,IF(AV12="A/B",AS12/AT12))) -> #N/A | AV12: =VLOOKUP(C12,GRAFOS!$A$61:$G$116,7,FALSE) -> #N/A | AW12: =Tabla7[[#This Row],[RESULTADO ENERO]] -> #N/A | AX12: =Tabla7[[#This Row],[RESULTADO FEBRERO]] -> #N/A | AY12: =Tabla7[[#This Row],[RESULTADO MARZO]] -> #N/A | AZ12: =Tabla7[[#This Row],[RESULTADO ABRIL]] -> #N/A | BA12: =Tabla7[[#This Row],[RESULTADO MAYO]] -> #N/A | BB12: =Tabla7[[#This Row],[RESULTADO JUNIO]] -> #N/A | BC12: =Tabla7[[#This Row],[RESULTADO JULIO]] -> #N/A | BD12: =Tabla7[[#This Row],[RESULTADO AGOSTO]] -> #N/A | BE12: =Tabla7[[#This Row],[RESULTADO SEPTIEMBRE]] -> #N/A | BF12: =Tabla7[[#This Row],[RESULTADO OCTUBRE]] -> #N/A | BG12: =Tabla7[[#This Row],[RESULTADO NOVIEMBRE]] -> #N/A | BH12: =Tabla7[[#This Row],[RESULTADO DICIEMBRE]] -> #N/A
B13: 9 | C13: ='1-ANALISIS'!B14 | D13: ='1-ANALISIS'!C14 | F13: =VLOOKUP(Tabla7[[#This Row],[CODIGO]],ANALISIS[[#All],[CODIGO]:[META]],3,FALSE) -> 0 | I13: =IFERROR(VLOOKUP(Tabla7[[#This Row],[CODIGO]],GRAFOS!$A$61:$F$116,6,FALSE),"") | J13: =IFERROR(VLOOKUP(Tabla7[[#This Row],[CODIGO]],GRAFOS!$A$61:$E$116,5,FALSE),"") | N13: =IF(AV13="*100%",L13/M13*100,IF(AV13=1000,L13/M13*1000,IF(AV13="A/B",L13/M13))) -> #N/A | Q13: =IF(AV13="*100%",O13/P13*100,IF(AV13=1000,O13/P13*1000,IF(AV13="A/B",O13/P13))) -> #N/A | T13: =IF(AV13="*100%",R13/S13*100,IF(AV13=1000,R13/S13*1000,IF(AV13="A/B",R13/S13))) -> #N/A | W13: =IF(AV13="*100%",U13/V13*100,IF(AV13=1000,U13/V13*1000,IF(AV13="A/B",U13/V13))) -> #N/A | Z13: =IF(AV13="*100%",X13/Y13*100,IF(AV13=1000,X13/Y13*1000,IF(AV13="A/B",X13/Y13))) -> #N/A | AC13: =IF(AV13="*100%",AA13/AB13*100,IF(AV13=1000,AA13/AB13*1000,IF(AV13="A/B",AA13/AB13))) -> #N/A | AF13: =IF(AV13="*100%",AD13/AE13*100,IF(AV13=1000,AD13/AE13*1000,IF(AV13="A/B",AD13/AE13))) -> #N/A | AI13: =IF(AV13="*100%",AG13/AH13*100,IF(AV13=1000,AG13/AH13*1000,IF(AV13="A/B",AG13/AH13))) -> #N/A | AL13: =IF(AV13="*100%",AJ13/AK13*100,IF(AV13=1000,AJ13/AK13*1000,IF(AV13="A/B",AJ13/AK13))) -> #N/A | AO13: =IF(AV13="*100%",AM13/AN13*100,IF(AV13=1000,AM13/AN13*1000,IF(AV13="A/B",AM13/AN13))) -> #N/A | AR13: =IF(AV13="*100%",AP13/AQ13*100,IF(AV13=1000,AP13/AQ13*1000,IF(AV13="A/B",AP13/AQ13))) -> #N/A | AU13: =IF(AV13="*100%",AS13/AT13*100,IF(AV13=1000,AS13/AT13*1000,IF(AV13="A/B",AS13/AT13))) -> #N/A | AV13: =VLOOKUP(C13,GRAFOS!$A$61:$G$116,7,FALSE) -> #N/A | AW13: =Tabla7[[#This Row],[RESULTADO ENERO]] -> #N/A | AX13: =Tabla7[[#This Row],[RESULTADO FEBRERO]] -> #N/A | AY13: =Tabla7[[#This Row],[RESULTADO MARZO]] -> #N/A | AZ13: =Tabla7[[#This Row],[RESULTADO ABRIL]] -> #N/A | BA13: =Tabla7[[#This Row],[RESULTADO MAYO]] -> #N/A | BB13: =Tabla7[[#This Row],[RESULTADO JUNIO]] -> #N/A | BC13: =Tabla7[[#This Row],[RESULTADO JULIO]] -> #N/A | BD13: =Tabla7[[#This Row],[RESULTADO AGOSTO]] -> #N/A | BE13: =Tabla7[[#This Row],[RESULTADO SEPTIEMBRE]] -> #N/A | BF13: =Tabla7[[#This Row],[RESULTADO OCTUBRE]] -> #N/A | BG13: =Tabla7[[#This Row],[RESULTADO NOVIEMBRE]] -> #N/A | BH13: =Tabla7[[#This Row],[RESULTADO DICIEMBRE]] -> #N/A
B14: 10 | C14: ='1-ANALISIS'!B15 | D14: ='1-ANALISIS'!C15 | F14: =VLOOKUP(Tabla7[[#This Row],[CODIGO]],ANALISIS[[#All],[CODIGO]:[META]],3,FALSE) -> 0 | I14: =IFERROR(VLOOKUP(Tabla7[[#This Row],[CODIGO]],GRAFOS!$A$61:$F$116,6,FALSE),"") | J14: =IFERROR(VLOOKUP(Tabla7[[#This Row],[CODIGO]],GRAFOS!$A$61:$E$116,5,FALSE),"") | N14: =IF(AV14="*100%",L14/M14*100,IF(AV14=1000,L14/M14*1000,IF(AV14="A/B",L14/M14))) -> #N/A | Q14: =IF(AV14="*100%",O14/P14*100,IF(AV14=1000,O14/P14*1000,IF(AV14="A/B",O14/P14))) -> #N/A | T14: =IF(AV14="*100%",R14/S14*100,IF(AV14=1000,R14/S14*1000,IF(AV14="A/B",R14/S14))) -> #N/A | W14: =IF(AV14="*100%",U14/V14*100,IF(AV14=1000,U14/V14*1000,IF(AV14="A/B",U14/V14))) -> #N/A | Z14: =IF(AV14="*100%",X14/Y14*100,IF(AV14=1000,X14/Y14*1000,IF(AV14="A/B",X14/Y14))) -> #N/A | AC14: =IF(AV14="*100%",AA14/AB14*100,IF(AV14=1000,AA14/AB14*1000,IF(AV14="A/B",AA14/AB14))) -> #N/A | AF14: =IF(AV14="*100%",AD14/AE14*100,IF(AV14=1000,AD14/AE14*1000,IF(AV14="A/B",AD14/AE14))) -> #N/A | AI14: =IF(AV14="*100%",AG14/AH14*100,IF(AV14=1000,AG14/AH14*1000,IF(AV14="A/B",AG14/AH14))) -> #N/A | AL14: =IF(AV14="*100%",AJ14/AK14*100,IF(AV14=1000,AJ14/AK14*1000,IF(AV14="A/B",AJ14/AK14))) -> #N/A | AO14: =IF(AV14="*100%",AM14/AN14*100,IF(AV14=1000,AM14/AN14*1000,IF(AV14="A/B",AM14/AN14))) -> #N/A | AR14: =IF(AV14="*100%",AP14/AQ14*100,IF(AV14=1000,AP14/AQ14*1000,IF(AV14="A/B",AP14/AQ14))) -> #N/A | AU14: =IF(AV14="*100%",AS14/AT14*100,IF(AV14=1000,AS14/AT14*1000,IF(AV14="A/B",AS14/AT14))) -> #N/A | AV14: =VLOOKUP(C14,GRAFOS!$A$61:$G$116,7,FALSE) -> #N/A | AW14: =Tabla7[[#This Row],[RESULTADO ENERO]] -> #N/A | AX14: =Tabla7[[#This Row],[RESULTADO FEBRERO]] -> #N/A | AY14: =Tabla7[[#This Row],[RESULTADO MARZO]] -> #N/A | AZ14: =Tabla7[[#This Row],[RESULTADO ABRIL]] -> #N/A | BA14: =Tabla7[[#This Row],[RESULTADO MAYO]] -> #N/A | BB14: =Tabla7[[#This Row],[RESULTADO JUNIO]] -> #N/A | BC14: =Tabla7[[#This Row],[RESULTADO JULIO]] -> #N/A | BD14: =Tabla7[[#This Row],[RESULTADO AGOSTO]] -> #N/A | BE14: =Tabla7[[#This Row],[RESULTADO SEPTIEMBRE]] -> #N/A | BF14: =Tabla7[[#This Row],[RESULTADO OCTUBRE]] -> #N/A | BG14: =Tabla7[[#This Row],[RESULTADO NOVIEMBRE]] -> #N/A | BH14: =Tabla7[[#This Row],[RESULTADO DICIEMBRE]] -> #N/A
B15: 11 | C15: ='1-ANALISIS'!B16 | D15: ='1-ANALISIS'!C16 | F15: =VLOOKUP(Tabla7[[#This Row],[CODIGO]],ANALISIS[[#All],[CODIGO]:[META]],3,FALSE) -> 0 | I15: =IFERROR(VLOOKUP(Tabla7[[#This Row],[CODIGO]],GRAFOS!$A$61:$F$116,6,FALSE),"") | J15: =IFERROR(VLOOKUP(Tabla7[[#This Row],[CODIGO]],GRAFOS!$A$61:$E$116,5,FALSE),"") | N15: =IF(AV15="*100%",L15/M15*100,IF(AV15=1000,L15/M15*1000,IF(AV15="A/B",L15/M15))) -> #N/A | Q15: =IF(AV15="*100%",O15/P15*100,IF(AV15=1000,O15/P15*1000,IF(AV15="A/B",O15/P15))) -> #N/A | T15: =IF(AV15="*100%",R15/S15*100,IF(AV15=1000,R15/S15*1000,IF(AV15="A/B",R15/S15))) -> #N/A | W15: =IF(AV15="*100%",U15/V15*100,IF(AV15=1000,U15/V15*1000,IF(AV15="A/B",U15/V15))) -> #N/A | Z15: =IF(AV15="*100%",X15/Y15*100,IF(AV15=1000,X15/Y15*1000,IF(AV15="A/B",X15/Y15))) -> #N/A | AC15: =IF(AV15="*100%",AA15/AB15*100,IF(AV15=1000,AA15/AB15*1000,IF(AV15="A/B",AA15/AB15))) -> #N/A | AF15: =IF(AV15="*100%",AD15/AE15*100,IF(AV15=1000,AD15/AE15*1000,IF(AV15="A/B",AD15/AE15))) -> #N/A | AI15: =IF(AV15="*100%",AG15/AH15*100,IF(AV15=1000,AG15/AH15*1000,IF(AV15="A/B",AG15/AH15))) -> #N/A | AL15: =IF(AV15="*100%",AJ15/AK15*100,IF(AV15=1000,AJ15/AK15*1000,IF(AV15="A/B",AJ15/AK15))) -> #N/A | AO15: =IF(AV15="*100%",AM15/AN15*100,IF(AV15=1000,AM15/AN15*1000,IF(AV15="A/B",AM15/AN15))) -> #N/A | AR15: =IF(AV15="*100%",AP15/AQ15*100,IF(AV15=1000,AP15/AQ15*1000,IF(AV15="A/B",AP15/AQ15))) -> #N/A | AU15: =IF(AV15="*100%",AS15/AT15*100,IF(AV15=1000,AS15/AT15*1000,IF(AV15="A/B",AS15/AT15))) -> #N/A | AV15: =VLOOKUP(C15,GRAFOS!$A$61:$G$116,7,FALSE) -> #N/A | AW15: =Tabla7[[#This Row],[RESULTADO ENERO]] -> #N/A | AX15: =Tabla7[[#This Row],[RESULTADO FEBRERO]] -> #N/A | AY15: =Tabla7[[#This Row],[RESULTADO MARZO]] -> #N/A | AZ15: =Tabla7[[#This Row],[RESULTADO ABRIL]] -> #N/A | BA15: =Tabla7[[#This Row],[RESULTADO MAYO]] -> #N/A | BB15: =Tabla7[[#This Row],[RESULTADO JUNIO]] -> #N/A | BC15: =Tabla7[[#This Row],[RESULTADO JULIO]] -> #N/A | BD15: =Tabla7[[#This Row],[RESULTADO AGOSTO]] -> #N/A | BE15: =Tabla7[[#This Row],[RESULTADO SEPTIEMBRE]] -> #N/A | BF15: =Tabla7[[#This Row],[RESULTADO OCTUBRE]] -> #N/A | BG15: =Tabla7[[#This Row],[RESULTADO NOVIEMBRE]] -> #N/A | BH15: =Tabla7[[#This Row],[RESULTADO DICIEMBRE]] -> #N/A
B16: 12 | C16: ='1-ANALISIS'!B17 | D16: ='1-ANALISIS'!C17 | F16: =VLOOKUP(Tabla7[[#This Row],[CODIGO]],ANALISIS[[#All],[CODIGO]:[META]],3,FALSE) -> 0 | I16: =IFERROR(VLOOKUP(Tabla7[[#This Row],[CODIGO]],GRAFOS!$A$61:$F$116,6,FALSE),"") | J16: =IFERROR(VLOOKUP(Tabla7[[#This Row],[CODIGO]],GRAFOS!$A$61:$E$116,5,FALSE),"") | N16: =IF(AV16="*100%",L16/M16*100,IF(AV16=1000,L16/M16*1000,IF(AV16="A/B",L16/M16))) -> #N/A | Q16: =IF(AV16="*100%",O16/P16*100,IF(AV16=1000,O16/P16*1000,IF(AV16="A/B",O16/P16))) -> #N/A | T16: =IF(AV16="*100%",R16/S16*100,IF(AV16=1000,R16/S16*1000,IF(AV16="A/B",R16/S16))) -> #N/A | W16: =IF(AV16="*100%",U16/V16*100,IF(AV16=1000,U16/V16*1000,IF(AV16="A/B",U16/V16))) -> #N/A | Z16: =IF(AV16="*100%",X16/Y16*100,IF(AV16=1000,X16/Y16*1000,IF(AV16="A/B",X16/Y16))) -> #N/A | AC16: =IF(AV16="*100%",AA16/AB16*100,IF(AV16=1000,AA16/AB16*1000,IF(AV16="A/B",AA16/AB16))) -> #N/A | AF16: =IF(AV16="*100%",AD16/AE16*100,IF(AV16=1000,AD16/AE16*1000,IF(AV16="A/B",AD16/AE16))) -> #N/A | AI16: =IF(AV16="*100%",AG16/AH16*100,IF(AV16=1000,AG16/AH16*1000,IF(AV16="A/B",AG16/AH16))) -> #N/A | AL16: =IF(AV16="*100%",AJ16/AK16*100,IF(AV16=1000,AJ16/AK16*1000,IF(AV16="A/B",AJ16/AK16))) -> #N/A | AO16: =IF(AV16="*100%",AM16/AN16*100,IF(AV16=1000,AM16/AN16*1000,IF(AV16="A/B",AM16/AN16))) -> #N/A | AR16: =IF(AV16="*100%",AP16/AQ16*100,IF(AV16=1000,AP16/AQ16*1000,IF(AV16="A/B",AP16/AQ16))) -> #N/A | AU16: =IF(AV16="*100%",AS16/AT16*100,IF(AV16=1000,AS16/AT16*1000,IF(AV16="A/B",AS16/AT16))) -> #N/A | AV16: =VLOOKUP(C16,GRAFOS!$A$61:$G$116,7,FALSE) -> #N/A | AW16: =Tabla7[[#This Row],[RESULTADO ENERO]] -> #N/A | AX16: =Tabla7[[#This Row],[RESULTADO FEBRERO]] -> #N/A | AY16: =Tabla7[[#This Row],[RESULTADO MARZO]] -> #N/A | AZ16: =Tabla7[[#This Row],[RESULTADO ABRIL]] -> #N/A | BA16: =Tabla7[[#This Row],[RESULTADO MAYO]] -> #N/A | BB16: =Tabla7[[#This Row],[RESULTADO JUNIO]] -> #N/A | BC16: =Tabla7[[#This Row],[RESULTADO JULIO]] -> #N/A | BD16: =Tabla7[[#This Row],[RESULTADO AGOSTO]] -> #N/A | BE16: =Tabla7[[#This Row],[RESULTADO SEPTIEMBRE]] -> #N/A | BF16: =Tabla7[[#This Row],[RESULTADO OCTUBRE]] -> #N/A | BG16: =Tabla7[[#This Row],[RESULTADO NOVIEMBRE]] -> #N/A | BH16: =Tabla7[[#This Row],[RESULTADO DICIEMBRE]] -> #N/A
... B59: 55 | C59: ='1-ANALISIS'!B60 | D59: ='1-ANALISIS'!C60 | F59: =VLOOKUP(Tabla7[[#This Row],[CODIGO]],ANALISIS[[#All],[CODIGO]:[META]],3,FALSE) -> 0 | I59: =IFERROR(VLOOKUP(Tabla7[[#This Row],[CODIGO]],GRAFOS!$A$61:$F$116,6,FALSE),"") | J59: =IFERROR(VLOOKUP(Tabla7[[#This Row],[CODIGO]],GRAFOS!$A$61:$E$116,5,FALSE),"") | N59: =IF(AV59="*100%",L59/M59*100,IF(AV59=1000,L59/M59*1000,IF(AV59="A/B",L59/M59))) -> #N/A | Q59: =IF(AV59="*100%",O59/P59*100,IF(AV59=1000,O59/P59*1000,IF(AV59="A/B",O59/P59))) -> #N/A | T59: =IF(AV59="*100%",R59/S59*100,IF(AV59=1000,R59/S59*1000,IF(AV59="A/B",R59/S59))) -> #N/A | W59: =IF(AV59="*100%",U59/V59*100,IF(AV59=1000,U59/V59*1000,IF(AV59="A/B",U59/V59))) -> #N/A | Z59: =IF(AV59="*100%",X59/Y59*100,IF(AV59=1000,X59/Y59*1000,IF(AV59="A/B",X59/Y59))) -> #N/A | AC59: =IF(AV59="*100%",AA59/AB59*100,IF(AV59=1000,AA59/AB59*1000,IF(AV59="A/B",AA59/AB59))) -> #N/A | AF59: =IF(AV59="*100%",AD59/AE59*100,IF(AV59=1000,AD59/AE59*1000,IF(AV59="A/B",AD59/AE59))) -> #N/A | AI59: =IF(AV59="*100%",AG59/AH59*100,IF(AV59=1000,AG59/AH59*1000,IF(AV59="A/B",AG59/AH59))) -> #N/A | AL59: =IF(AV59="*100%",AJ59/AK59*100,IF(AV59=1000,AJ59/AK59*1000,IF(AV59="A/B",AJ59/AK59))) -> #N/A | AO59: =IF(AV59="*100%",AM59/AN59*100,IF(AV59=1000,AM59/AN59*1000,IF(AV59="A/B",AM59/AN59))) -> #N/A | AR59: =IF(AV59="*100%",AP59/AQ59*100,IF(AV59=1000,AP59/AQ59*1000,IF(AV59="A/B",AP59/AQ59))) -> #N/A | AU59: =IF(AV59="*100%",AS59/AT59*100,IF(AV59=1000,AS59/AT59*1000,IF(AV59="A/B",AS59/AT59))) -> #N/A | AV59: =VLOOKUP(C59,GRAFOS!$A$61:$G$116,7,FALSE) -> #N/A | AW59: =Tabla7[[#This Row],[RESULTADO ENERO]] -> #N/A | AX59: =Tabla7[[#This Row],[RESULTADO FEBRERO]] -> #N/A | AY59: =Tabla7[[#This Row],[RESULTADO MARZO]] -> #N/A | AZ59: =Tabla7[[#This Row],[RESULTADO ABRIL]] -> #N/A | BA59: =Tabla7[[#This Row],[RESULTADO MAYO]] -> #N/A | BB59: =Tabla7[[#This Row],[RESULTADO JUNIO]] -> #N/A | BC59: =Tabla7[[#This Row],[RESULTADO JULIO]] -> #N/A | BD59: =Tabla7[[#This Row],[RESULTADO AGOSTO]] -> #N/A | BE59: =Tabla7[[#This Row],[RESULTADO SEPTIEMBRE]] -> #N/A | BF59: =Tabla7[[#This Row],[RESULTADO OCTUBRE]] -> #N/A | BG59: =Tabla7[[#This Row],[RESULTADO NOVIEMBRE]] -> #N/A | BH59: =Tabla7[[#This Row],[RESULTADO DICIEMBRE]] -> #N/A

Sheet P11
B2: CODIGO | D2: P.1.1 | F2: NOMBRE DEL INDICADOR | H2: =VLOOKUP(D2,INDICADORES!A2:C56,3,FALSE) -> Proporción de gestantes con consulta de control prenatal de primera vez antes de las 12 semanas de gestación
B4: DEFINICIÓN | D4: =VLOOKUP(D2,INDICADORES!A2:D56,4,FALSE) -> Proporción de gestantes con consulta de control prenatal de primera vez antes de las 12 semanas de gestación
B6: ANALISIS
B8: SEMESTRE EVALUADOS | F8: I SEMESTRE | J8: II SEMESTRE | L8: AÑO
B10: VALOR OBTENIDO | F10: I SEMESTRE | J10: II SEMESTRE
B12: VALOR DE REFERENCIA
B14: DISTANCIA DE LA META
B16: PRIORIZACIÓN DEL RESULTADO DEL INDICADOR | D16: =VLOOKUP(D2,PRIORIZACION[[#All],[CODIGO]:[CATEGORIA DE SEVERIDAD]],7,FALSE) -> #N/A
B18: ACCIONES DE CAUSAS
B20: METODO A UTILIZAR
B22: PROCESO(S) PARA MEJORAR
B24: TENDENCIA DEL INDICADOR
B26: ACCIONES DE MEJORA
B28: ACCIÓN | D28: AREA DE INTERVENCIÓN | F28: RESPONSABLE | H28: FECHA DE INICIO | J28: FECHA DE FIN | L28: AVANCE DE LA ACCIÓN | N28: COMENTARIOS

Sheet P12
B2: CODIGO | D2: P.1.2 | F2: NOMBRE DEL INDICADOR | H2: =VLOOKUP(D2,INDICADORES!A2:C56,3,FALSE) -> Proporción de gestantes con valoración por odontología
B4: DEFINICIÓN | D4: =VLOOKUP(D2,INDICADORES!A2:D56,4,FALSE) -> Expresa la proporción de gestantes que recibieron consulta de odontología durante su embarazo.
B6: ANALISIS
B8: SEMESTRE EVALUADOS | F8: I SEMESTRE | J8: II SEMESTRE | L8: AÑO
B10: VALOR OBTENIDO | F10: I SEMESTRE | J10: II SEMESTRE
B12: VALOR DE REFERENCIA
B14: DISTANCIA DE LA META
B16: PRIORIZACIÓN DEL RESULTADO DEL INDICADOR | D16: =VLOOKUP(D2,PRIORIZACION[[#All],[CODIGO]:[CATEGORIA DE SEVERIDAD]],7,FALSE) -> #N/A
B18: ACCIONES DE CAUSAS
B20: METODO A UTILIZAR
B22: PROCESO(S) PARA MEJORAR
B24: TENDENCIA DEL INDICADOR
B26: ACCIONES DE MEJORA
B28: ACCIÓN | D28: AREA DE INTERVENCIÓN | F28: RESPONSABLE | H28: FECHA DE INICIO | J28: FECHA DE FIN | L28: AVANCE DE LA ACCIÓN | N28: COMENTARIOS

Sheet P13
B2: CODIGO | D2: P.1.3 | F2: NOMBRE DEL INDICADOR | H2: =VLOOKUP(D2,INDICADORES!A2:C56,3,FALSE) -> Proporción de partos por cesárea
B4: DEFINICIÓN | D4: =VLOOKUP(D2,INDICADORES!A2:D56,4,FALSE) -> Expresa la proporción de nacimientos por cesárea en la Institución Prestadora de Servicios de Salud en un periodo determinado.
B6: ANALISIS
B8: SEMESTRE EVALUADOS | F8: I SEMESTRE | J8: II SEMESTRE | L8: AÑO
B10: VALOR OBTENIDO | F10: I SEMESTRE | J10: II SEMESTRE
B12: VALOR DE REFERENCIA
B14: DISTANCIA DE LA META
B16: PRIORIZACIÓN DEL RESULTADO DEL INDICADOR | D16: =VLOOKUP(D2,'2-PRIORIZACION'!D4:J59,7,FALSE) -> #N/A
B18: ACCIONES DE CAUSAS
B20: METODO A UTILIZAR
B22: PROCESO(S) PARA MEJORAR
B24: TENDENCIA DEL INDICADOR
B26: ACCIONES DE MEJORA
B28: ACCIÓN | D28: AREA DE INTERVENCIÓN | F28: RESPONSABLE | H28: FECHA DE INICIO | J28: FECHA DE FIN | L28: AVANCE DE LA ACCIÓN | N28: COMENTARIOS

Sheet P14
B2: CODIGO | D2: P.1.4 | F2: NOMBRE DEL INDICADOR | H2: =VLOOKUP(D2,INDICADORES!A2:C56,3,FALSE) -> Tasa de mortalidad perinatal
B4: DEFINICIÓN | D4: =VLOOKUP(D2,INDICADORES!A2:D56,4,FALSE) -> Expresa la relación entre de defunciones de fetos de 22 semanas completas (154 días) de gestación o con 500 gramos o más de peso y los siete días completos después del nacimiento, por cada 1.000 nacimientos
B6: ANALISIS
B8: SEMESTRE EVALUADOS | F8: I SEMESTRE | J8: II SEMESTRE | L8: AÑO
B10: VALOR OBTENIDO | F10: I SEMESTRE | J10: II SEMESTRE
B12: VALOR DE REFERENCIA
B14: DISTANCIA DE LA META
B16: PRIORIZACIÓN DEL RESULTADO DEL INDICADOR | D16: =VLOOKUP(D2,'2-PRIORIZACION'!D4:J59,7,FALSE) -> #N/A
B18: ACCIONES DE CAUSAS
B20: METODO A UTILIZAR
B22: PROCESO(S) PARA MEJORAR
B24: TENDENCIA DEL INDICADOR
B26: ACCIONES DE MEJORA
B28: ACCIÓN | D28: AREA DE INTERVENCIÓN | F28: RESPONSABLE | H28: FECHA DE INICIO | J28: FECHA DE FIN | L28: AVANCE DE LA ACCIÓN | N28: COMENTARIOS

Sheet P15
B2: CODIGO | D2: P.1.5 | F2: NOMBRE DEL INDICADOR | H2: =VLOOKUP(D2,INDICADORES!A2:C56,3,FALSE) -> Relación Morbilidad Materna Extrema(MME) / Muerte Materna temprana (MM)
B4: DEFINICIÓN | D4: =VLOOKUP(D2,INDICADORES!A2:D56,4,FALSE) -> Expresa la relación de MME / MM indica el número de casos de morbilidad materna extrema por cada caso de muerte materna temprana.
B6: ANALISIS
B8: SEMESTRE EVALUADOS | F8: I SEMESTRE | J8: II SEMESTRE | L8: AÑO
B10: VALOR OBTENIDO | F10: I SEMESTRE | J10: II SEMESTRE
B12: VALOR DE REFERENCIA
B14: DISTANCIA DE LA META
B16: PRIORIZACIÓN DEL RESULTADO DEL INDICADOR | D16: =VLOOKUP(D2,'2-PRIORIZACION'!D4:J59,7,FALSE) -> #N/A
B18: ACCIONES DE CAUSAS
B20: METODO A UTILIZAR
B22: PROCESO(S) PARA MEJORAR
B24: TENDENCIA DEL INDICADOR
B26: ACCIONES DE MEJORA
B28: ACCIÓN | D28: AREA DE INTERVENCIÓN | F28: RESPONSABLE | H28: FECHA DE INICIO | J28: FECHA DE FIN | L28: AVANCE DE LA ACCIÓN | N28: COMENTARIOS

Sheet P16
B2: CODIGO | D2: P.1.6 | F2: NOMBRE DEL INDICADOR | H2: =VLOOKUP(D2,INDICADORES!A2:C56,3,FALSE) -> Proporción de recién nacidos con tamizaje para Hipotiroidismo
B4: DEFINICIÓN | D4: =VLOOKUP(D2,INDICADORES!A2:D56,4,FALSE) -> Expresa el número de recién nacidos a quienes se les realizó tamizaje para Hipotiroidismo.
B6: ANALISIS
B8: SEMESTRE EVALUADOS | F8: I SEMESTRE | J8: II SEMESTRE | L8: AÑO
B10: VALOR OBTENIDO | F10: I SEMESTRE | J10: II SEMESTRE
B12: VALOR DE REFERENCIA
B14: DISTANCIA DE LA META
B16: PRIORIZACIÓN DEL RESULTADO DEL INDICADOR | D16: =VLOOKUP(D2,PRIORIZACION[[#All],[CODIGO]:[CATEGORIA DE SEVERIDAD]],7,FALSE) -> #N/A
B18: ACCIONES DE CAUSAS
B20: METODO A UTILIZAR
B22: PROCESO(S) PARA MEJORAR
B24: TENDENCIA DEL INDICADOR
B26: ACCIONES DE MEJORA
B28: ACCIÓN | D28: AREA DE INTERVENCIÓN | F28: RESPONSABLE | H28: FECHA DE INICIO | J28: FECHA DE FIN | L28: AVANCE DE LA ACCIÓN | N28: COMENTARIOS

Sheet P17
B2: CODIGO | D2: P.1.7 | F2: NOMBRE DEL INDICADOR | H2: =VLOOKUP(D2,INDICADORES!A2:C56,3,FALSE) -> Proporción de reingreso hospitalario por Infección Respiratoria Aguda (IRA) en menores de 5 años
B4: DEFINICIÓN | D4: =VLOOKUP(D2,INDICADORES!A2:D56,4,FALSE) -> Expresa la proporción de reingreso hospitalario por IRA en menores de 5 años, en un periodo determinado
B6: ANALISIS
B8: SEMESTRE EVALUADOS | F8: I SEMESTRE | J8: II SEMESTRE | L8: AÑO
B10: VALOR OBTENIDO | F10: I SEMESTRE | J10: II SEMESTRE
B12: VALOR DE REFERENCIA
B14: DISTANCIA DE LA META
B16: PRIORIZACIÓN DEL RESULTADO DEL INDICADOR | D16: =VLOOKUP(D2,PRIORIZACION[[#All],[CODIGO]:[CATEGORIA DE SEVERIDAD]],7,FALSE) -> #N/A
B18: ACCIONES DE CAUSAS
B20: METODO A UTILIZAR
B22: PROCESO(S) PARA MEJORAR
B24: TENDENCIA DEL INDICADOR
B26: ACCIONES DE MEJORA
B28: ACCIÓN | D28: AREA DE INTERVENCIÓN | F28: RESPONSABLE | H28: FECHA DE INICIO | J28: FECHA DE FIN | L28: AVANCE DE LA ACCIÓN | N28: COMENTARIOS

Sheet P18
B2: CODIGO | D2: P.1.8 | F2: NOMBRE DEL INDICADOR | H2: =VLOOKUP(D2,INDICADORES!A2:C56,3,FALSE) -> Letalidad por Infección Respiratoria Aguda (IRA) en menores de 5 años
B4: DEFINICIÓN | D4: =VLOOKUP(D2,INDICADORES!A2:D56,4,FALSE) -> Expresa la proporción de defunciones de niños menores de 5 años cuya causa básica de muerte fue Infección Respiratoria Aguda (IRA) con relación al número total de menores de 5 años atendidos con diagnóstico de IRA
B6: ANALISIS
B8: SEMESTRE EVALUADOS | F8: I SEMESTRE | J8: II SEMESTRE | L8: AÑO
B10: VALOR OBTENIDO | F10: I SEMESTRE | J10: II SEMESTRE
B12: VALOR DE REFERENCIA
B14: DISTANCIA DE LA META
B16: PRIORIZACIÓN DEL RESULTADO DEL INDICADOR | D16: =VLOOKUP(D2,PRIORIZACION[[#All],[CODIGO]:[CATEGORIA DE SEVERIDAD]],7,FALSE) -> #N/A
B18: ACCIONES DE CAUSAS
B20: METODO A UTILIZAR
B22: PROCESO(S) PARA MEJORAR
B24: TENDENCIA DEL INDICADOR
B26: ACCIONES DE MEJORA
B28: ACCIÓN | D28: AREA DE INTERVENCIÓN | F28: RESPONSABLE | H28: FECHA DE INICIO | J28: FECHA DE FIN | L28: AVANCE DE LA ACCIÓN | N28: COMENTARIOS

Sheet P19
B2: CODIGO | D2: P.1.9 | F2: NOMBRE DEL INDICADOR | H2: =VLOOKUP(D2,INDICADORES!A2:C56,3,FALSE) -> Letalidad en menores de 5 años por Enfermedad Diarreica Aguda (EDA)
B4: DEFINICIÓN | D4: =VLOOKUP(D2,INDICADORES!A2:D56,4,FALSE) -> Expresa la proporción de defunciones de niños menores de 5 años cuya causa básica de muerte fue Enfermedad Diarreica Aguda (EDA) con relación al número total de menores de 5 años atendidos con diagnóstico de EDA.
B6: ANALISIS
B8: SEMESTRE EVALUADOS | F8: I SEMESTRE | J8: II SEMESTRE | L8: AÑO
B10: VALOR OBTENIDO | F10: I SEMESTRE | J10: II SEMESTRE
B12: VALOR DE REFERENCIA
B14: DISTANCIA DE LA META
B16: PRIORIZACIÓN DEL RESULTADO DEL INDICADOR | D16: =VLOOKUP(D2,PRIORIZACION[[#All],[CODIGO]:[CATEGORIA DE SEVERIDAD]],7,FALSE) -> #N/A
B18: ACCIONES DE CAUSAS
B20: METODO A UTILIZAR
B22: PROCESO(S) PARA MEJORAR
B24: TENDENCIA DEL INDICADOR
B26: ACCIONES DE MEJORA
B28: ACCIÓN | D28: AREA DE INTERVENCIÓN | F28: RESPONSABLE | H28: FECHA DE INICIO | J28: FECHA DE FIN | L28: AVANCE DE LA ACCIÓN | N28: COMENTARIOS

Sheet P110
B2: CODIGO | D2: P.1.10 | F2: NOMBRE DEL INDICADOR | H2: =VLOOKUP(D2,INDICADORES!A2:C56,3,FALSE) -> Proporción de gestantes con asesoría pre-test para prueba de Virus de la inmunodeficiencia Humana (VIH)
B4: DEFINICIÓN | D4: =VLOOKUP(D2,INDICADORES!A2:D56,4,FALSE) -> Indica el número de gestantes a quienes se les realizó asesoría pre-test para prueba de VIH (ELISA)
B6: ANALISIS
B8: SEMESTRE EVALUADOS | F8: I SEMESTRE | J8: II SEMESTRE | L8: AÑO
B10: VALOR OBTENIDO | F10: I SEMESTRE | J10: II SEMESTRE
B12: VALOR DE REFERENCIA
B14: DISTANCIA DE LA META
B16: PRIORIZACIÓN DEL RESULTADO DEL INDICADOR | D16: =VLOOKUP(D2,PRIORIZACION[[#All],[CODIGO]:[CATEGORIA DE SEVERIDAD]],7,FALSE) -> #N/A
B18: ACCIONES DE CAUSAS
B20: METODO A UTILIZAR
B22: PROCESO(S) PARA MEJORAR
B24: TENDENCIA DEL INDICADOR
B26: ACCIONES DE MEJORA
B28: ACCIÓN | D28: AREA DE INTERVENCIÓN | F28: RESPONSABLE | H28: FECHA DE INICIO | J28: FECHA DE FIN | L28: AVANCE DE LA ACCIÓN | N28: COMENTARIOS

Sheet P111
B2: CODIGO | D2: P.1.11 | F2: NOMBRE DEL INDICADOR | H2: =VLOOKUP(D2,INDICADORES!A2:C56,3,FALSE) -> Proporción de niños y niñas menores de 18 meses, hijos de madre viviendo con VIH, con diagnóstico de VIH
B4: DEFINICIÓN | D4: =VLOOKUP(D2,INDICADORES!A2:D56,4,FALSE) -> Proporción de niños y niñas menores de 18 meses, hijos de madre viviendo con VIH, con diagnóstico de VIH.
B6: ANALISIS
B8: SEMESTRE EVALUADOS | F8: I SEMESTRE | J8: II SEMESTRE | L8: AÑO
B10: VALOR OBTENIDO | F10: I SEMESTRE | J10: II SEMESTRE
B12: VALOR DE REFERENCIA
B14: DISTANCIA DE LA META
B16: PRIORIZACIÓN DEL RESULTADO DEL INDICADOR | D16: =VLOOKUP(D2,PRIORIZACION[[#All],[CODIGO]:[CATEGORIA DE SEVERIDAD]],7,FALSE) -> #N/A
B18: ACCIONES DE CAUSAS
B20: METODO A UTILIZAR
B22: PROCESO(S) PARA MEJORAR
B24: TENDENCIA DEL INDICADOR
B26: ACCIONES DE MEJORA
B28: ACCIÓN | D28: AREA DE INTERVENCIÓN | F28: RESPONSABLE | H28: FECHA DE INICIO | J28: FECHA DE FIN | L28: AVANCE DE LA ACCIÓN | N28: COMENTARIOS

Sheet P112
B2: CODIGO | D2: P.1.12 | F2: NOMBRE DEL INDICADOR | H2: =VLOOKUP(D2,INDICADORES!A2:C56,3,FALSE) -> Proporción de mujeres a las que se les realizó toma de serología en el momento del parto o aborto
B4: DEFINICIÓN | D4: =VLOOKUP(D2,INDICADORES!A2:D56,4,FALSE) -> Expresa la proporción de mujeres a las que se les realizó serología en el momento del parto o aborto.
B6: ANALISIS
B8: SEMESTRE EVALUADOS | F8: I SEMESTRE | J8: II SEMESTRE | L8: AÑO
B10: VALOR OBTENIDO | F10: I SEMESTRE | J10: II SEMESTRE
B12: VALOR DE REFERENCIA
B14: DISTANCIA DE LA META
B16: PRIORIZACIÓN DEL RESULTADO DEL INDICADOR | D16: =VLOOKUP(D2,PRIORIZACION[[#All],[CODIGO]:[CATEGORIA DE SEVERIDAD]],7,FALSE) -> #N/A
B18: ACCIONES DE CAUSAS
B20: METODO A UTILIZAR
B22: PROCESO(S) PARA MEJORAR
B24: TENDENCIA DEL INDICADOR
B26: ACCIONES DE MEJORA
B28: ACCIÓN | D28: AREA DE INTERVENCIÓN | F28: RESPONSABLE | H28: FECHA DE INICIO | J28: FECHA DE FIN | L28: AVANCE DE LA ACCIÓN | N28: COMENTARIOS

Sheet P113
B2: CODIGO | D2: P.1.13 | F2: NOMBRE DEL INDICADOR | H2: =VLOOKUP(D2,INDICADORES!A2:C56,3,FALSE) -> Proporción de pacientes hospitalizados por Dengue Grave
B4: DEFINICIÓN | D4: =VLOOKUP(D2,INDICADORES!A2:D56,4,FALSE) -> Expresa la proporción de pacientes hospitalizados con diagnóstico de Dengue Grave, en un periodo determinado
B6: ANALISIS
B8: SEMESTRE EVALUADOS | F8: I SEMESTRE | J8: II SEMESTRE | L8: AÑO
B10: VALOR OBTENIDO | F10: I SEMESTRE | J10: II SEMESTRE
B12: VALOR DE REFERENCIA
B14: DISTANCIA DE LA META
B16: PRIORIZACIÓN DEL RESULTADO DEL INDICADOR | D16: =VLOOKUP(D2,PRIORIZACION[[#All],[CODIGO]:[CATEGORIA DE SEVERIDAD]],7,FALSE) -> #N/A
B18: ACCIONES DE CAUSAS
B20: METODO A UTILIZAR
B22: PROCESO(S) PARA MEJORAR
B24: TENDENCIA DEL INDICADOR
B26: ACCIONES DE MEJORA
B28: ACCIÓN | D28: AREA DE INTERVENCIÓN | F28: RESPONSABLE | H28: FECHA DE INICIO | J28: FECHA DE FIN | L28: AVANCE DE LA ACCIÓN | N28: COMENTARIOS

Sheet P114
B2: CODIGO | D2: P.1.14 | F2: NOMBRE DEL INDICADOR | H2: =VLOOKUP(D2,INDICADORES!A2:C56,3,FALSE) -> Proporción de personas con Hipertensión Arterial a quienes se les realiza medición de LDL en un período determinado.
B4: DEFINICIÓN | D4: =VLOOKUP(D2,INDICADORES!A2:D56,4,FALSE) -> Expresa el número de personas con Hipertensión Arterial a quienes se les realizo como mínimo una medida de LDL en el año
B6: ANALISIS
B8: SEMESTRE EVALUADOS | F8: I SEMESTRE | J8: II SEMESTRE | L8: AÑO
B10: VALOR OBTENIDO | F10: I SEMESTRE | J10: II SEMESTRE
B12: VALOR DE REFERENCIA
B14: DISTANCIA DE LA META
B16: PRIORIZACIÓN DEL RESULTADO DEL INDICADOR | D16: =VLOOKUP(D2,PRIORIZACION[[#All],[CODIGO]:[CATEGORIA DE SEVERIDAD]],7,FALSE) -> #N/A
B18: ACCIONES DE CAUSAS
B20: METODO A UTILIZAR
B22: PROCESO(S) PARA MEJORAR
B24: TENDENCIA DEL INDICADOR
B26: ACCIONES DE MEJORA
B28: ACCIÓN | D28: AREA DE INTERVENCIÓN | F28: RESPONSABLE | H28: FECHA DE INICIO | J28: FECHA DE FIN | L28: AVANCE DE LA ACCIÓN | N28: COMENTARIOS

Sheet P115
B2: CODIGO | D2: P.1.15 | F2: NOMBRE DEL INDICADOR | H2: =VLOOKUP(D2,INDICADORES!A2:C56,3,FALSE) -> Proporción de personas con Diabetes a quienes se les realizó toma de hemoglobina glicosilada en el último semestre
B4: DEFINICIÓN | D4: =VLOOKUP(D2,INDICADORES!A2:D56,4,FALSE) -> Proporción de paciente con diagnóstico de Diabetes Mellitus a quienes se les realizó toma de hemoglobina glicosilada en el último semestre.
B6: ANALISIS
B8: SEMESTRE EVALUADOS | F8: I SEMESTRE | J8: II SEMESTRE | L8: AÑO
B10: VALOR OBTENIDO | F10: I SEMESTRE | J10: II SEMESTRE
B12: VALOR DE REFERENCIA
B14: DISTANCIA DE LA META
B16: PRIORIZACIÓN DEL RESULTADO DEL INDICADOR | D16: =VLOOKUP(D2,PRIORIZACION[[#All],[CODIGO]:[CATEGORIA DE SEVERIDAD]],7,FALSE) -> #N/A
B18: ACCIONES DE CAUSAS
B20: METODO A UTILIZAR
B22: PROCESO(S) PARA MEJORAR
B24: TENDENCIA DEL INDICADOR
B26: ACCIONES DE MEJORA
B28: ACCIÓN | D28: AREA DE INTERVENCIÓN | F28: RESPONSABLE | H28: FECHA DE INICIO | J28: FECHA DE FIN | L28: AVANCE DE LA ACCIÓN | N28: COMENTARIOS

Sheet P116
B2: CODIGO | D2: P.1.16 | F2: NOMBRE DEL INDICADOR | H2: =VLOOKUP(D2,INDICADORES!A2:C56,3,FALSE) -> Proporción de personas con Diabetes Mellitus a quienes se les realiza medición de LDL
B4: DEFINICIÓN | D4: =VLOOKUP(D2,INDICADORES!A2:D56,4,FALSE) -> Expresa el número de personas con Diabetes Mellitus a quienes se les realizó como mínimo una medida de LDL en el año
B6: ANALISIS
B8: SEMESTRE EVALUADOS | F8: I SEMESTRE | J8: II SEMESTRE | L8: AÑO
B10: VALOR OBTENIDO | F10: I SEMESTRE | J10: II SEMESTRE
B12: VALOR DE REFERENCIA
B14: DISTANCIA DE LA META
B16: PRIORIZACIÓN DEL RESULTADO DEL INDICADOR | D16: =VLOOKUP(D2,PRIORIZACION[[#All],[CODIGO]:[CATEGORIA DE SEVERIDAD]],7,FALSE) -> #N/A
B18: ACCIONES DE CAUSAS
B20: METODO A UTILIZAR
B22: PROCESO(S) PARA MEJORAR
B24: TENDENCIA DEL INDICADOR
B26: ACCIONES DE MEJORA
B28: ACCIÓN | D28: AREA DE INTERVENCIÓN | F28: RESPONSABLE | H28: FECHA DE INICIO | J28: FECHA DE FIN | L28: AVANCE DE LA ACCIÓN | N28: COMENTARIOS

Sheet P117
B2: CODIGO | D2: P.1.17 | F2: NOMBRE DEL INDICADOR | H2: =VLOOKUP(D2,INDICADORES!A2:C56,3,FALSE) -> Proporción de personas con Hipertensión arterial (HTA), estudiadas para Enfermedad Renal Crónica (ERC)
B4: DEFINICIÓN | D4: =VLOOKUP(D2,INDICADORES!A2:D56,4,FALSE) -> Expresa la proporción de pacientes con diagnóstico de HTA que han sido estudiados para ERC
B6: ANALISIS
B8: SEMESTRE EVALUADOS | F8: I SEMESTRE | J8: II SEMESTRE | L8: AÑO
B10: VALOR OBTENIDO | F10: I SEMESTRE | J10: II SEMESTRE
B12: VALOR DE REFERENCIA
B14: DISTANCIA DE LA META
B16: PRIORIZACIÓN DEL RESULTADO DEL INDICADOR | D16: =VLOOKUP(D2,PRIORIZACION[[#All],[CODIGO]:[CATEGORIA DE SEVERIDAD]],7,FALSE) -> #N/A
B18: ACCIONES DE CAUSAS
B20: METODO A UTILIZAR
B22: PROCESO(S) PARA MEJORAR
B24: TENDENCIA DEL INDICADOR
B26: ACCIONES DE MEJORA
B28: ACCIÓN | D28: AREA DE INTERVENCIÓN | F28: RESPONSABLE | H28: FECHA DE INICIO | J28: FECHA DE FIN | L28: AVANCE DE LA ACCIÓN | N28: COMENTARIOS

Sheet P118
B2: CODIGO | D2: P.1.18 | F2: NOMBRE DEL INDICADOR | H2: =VLOOKUP(D2,INDICADORES!A2:C56,3,FALSE) -> Proporción de personas con Diabetes Mellitus, estudiadas para Enfermedad Renal Crónica (ERC).
B4: DEFINICIÓN | D4: =VLOOKUP(D2,INDICADORES!A2:D56,4,FALSE) -> Expresa la proporción de pacientes con diagnóstico de Diabetes Mellitus que han sido estudiados para ERC
B6: ANALISIS
B8: SEMESTRE EVALUADOS | F8: I SEMESTRE | J8: II SEMESTRE | L8: AÑO
B10: VALOR OBTENIDO | F10: I SEMESTRE | J10: II SEMESTRE
B12: VALOR DE REFERENCIA
B14: DISTANCIA DE LA META
B16: PRIORIZACIÓN DEL RESULTADO DEL INDICADOR | D16: =VLOOKUP(D2,PRIORIZACION[[#All],[CODIGO]:[CATEGORIA DE SEVERIDAD]],7,FALSE) -> #N/A
B18: ACCIONES DE CAUSAS
B20: METODO A UTILIZAR
B22: PROCESO(S) PARA MEJORAR
B24: TENDENCIA DEL INDICADOR
B26: ACCIONES DE MEJORA
B28: ACCIÓN | D28: AREA DE INTERVENCIÓN | F28: RESPONSABLE | H28: FECHA DE INICIO | J28: FECHA DE FIN | L28: AVANCE DE LA ACCIÓN | N28: COMENTARIOS

Sheet P119
B2: CODIGO | D2: P.1.19 | F2: NOMBRE DEL INDICADOR | H2: =VLOOKUP(D2,INDICADORES!A2:C56,3,FALSE) -> Proporción de personas en diálisis con hemoglobina mayor o igual a 10 g/dl
B4: DEFINICIÓN | D4: =VLOOKUP(D2,INDICADORES!A2:D56,4,FALSE) -> Expresa el número de personas en diálisis que presentan un valor promedio de hemoglobina mayor o igual a 10g/dl en el último trimestre
B6: ANALISIS
B8: SEMESTRE EVALUADOS | F8: I SEMESTRE | J8: II SEMESTRE | L8: AÑO
B10: VALOR OBTENIDO | F10: I SEMESTRE | J10: II SEMESTRE
B12: VALOR DE REFERENCIA
B14: DISTANCIA DE LA META
B16: PRIORIZACIÓN DEL RESULTADO DEL INDICADOR | D16: =VLOOKUP(D2,PRIORIZACION[[#All],[CODIGO]:[CATEGORIA DE SEVERIDAD]],7,FALSE) -> #N/A
B18: ACCIONES DE CAUSAS
B20: METODO A UTILIZAR
B22: PROCESO(S) PARA MEJORAR
B24: TENDENCIA DEL INDICADOR
B26: ACCIONES DE MEJORA
B28: ACCIÓN | D28: AREA DE INTERVENCIÓN | F28: RESPONSABLE | H28: FECHA DE INICIO | J28: FECHA DE FIN | L28: AVANCE DE LA ACCIÓN | N28: COMENTARIOS

Sheet P120
B2: CODIGO | D2: P.1.20 | F2: NOMBRE DEL INDICADOR | H2: =VLOOKUP(D2,INDICADORES!A2:C56,3,FALSE) -> Proporción de pacientes prevalentes en hemodiálisis con catéter como acceso vascular
B4: DEFINICIÓN | D4: =VLOOKUP(D2,INDICADORES!A2:D56,4,FALSE) -> Expresa el número de pacientes en hemodiálisis que tienen catéter como acceso vascular
B6: ANALISIS
B8: SEMESTRE EVALUADOS | F8: I SEMESTRE | J8: II SEMESTRE | L8: AÑO
B10: VALOR OBTENIDO | F10: I SEMESTRE | J10: II SEMESTRE
B12: VALOR DE REFERENCIA
B14: DISTANCIA DE LA META
B16: PRIORIZACIÓN DEL RESULTADO DEL INDICADOR | D16: =VLOOKUP(D2,PRIORIZACION[[#All],[CODIGO]:[CATEGORIA DE SEVERIDAD]],7,FALSE) -> #N/A
B18: ACCIONES DE CAUSAS
B20: METODO A UTILIZAR
B22: PROCESO(S) PARA MEJORAR
B24: TENDENCIA DEL INDICADOR
B26: ACCIONES DE MEJORA
B28: ACCIÓN | D28: AREA DE INTERVENCIÓN | F28: RESPONSABLE | H28: FECHA DE INICIO | J28: FECHA DE FIN | L28: AVANCE DE LA ACCIÓN | N28: COMENTARIOS

Sheet P121
B2: CODIGO | D2: P.1.21 | F2: NOMBRE DEL INDICADOR | H2: =VLOOKUP(D2,INDICADORES!A2:C56,3,FALSE) -> Proporción de mujeres entre los 50 y 69 años con toma de mamografía en los últimos 2 años.
B4: DEFINICIÓN | D4: =VLOOKUP(D2,INDICADORES!A2:D56,4,FALSE) -> Expresa el número de mujeres tamizadas en los últimos 2 años para cáncer de seno, entre la población femenina de 50-69 años asignada a la IPS.
B6: ANALISIS
B8: SEMESTRE EVALUADOS | F8: I SEMESTRE | J8: II SEMESTRE | L8: AÑO
B10: VALOR OBTENIDO | F10: I SEMESTRE | J10: II SEMESTRE
B12: VALOR DE REFERENCIA
B14: DISTANCIA DE LA META
B16: PRIORIZACIÓN DEL RESULTADO DEL INDICADOR | D16: =VLOOKUP(D2,PRIORIZACION[[#All],[CODIGO]:[CATEGORIA DE SEVERIDAD]],7,FALSE) -> #N/A
B18: ACCIONES DE CAUSAS
B20: METODO A UTILIZAR
B22: PROCESO(S) PARA MEJORAR
B24: TENDENCIA DEL INDICADOR
B26: ACCIONES DE MEJORA
B28: ACCIÓN | D28: AREA DE INTERVENCIÓN | F28: RESPONSABLE | H28: FECHA DE INICIO | J28: FECHA DE FIN | L28: AVANCE DE LA ACCIÓN | N28: COMENTARIOS

Sheet P122
B2: CODIGO | D2: P.1.22 | F2: NOMBRE DEL INDICADOR | H2: =VLOOKUP(D2,INDICADORES!A2:C56,3,FALSE) -> Tiempo promedio de espera para el inicio del tratamiento en cáncer de mama
B4: DEFINICIÓN | D4: =VLOOKUP(D2,INDICADORES!A2:D56,4,FALSE) -> Expresa el promedio de tiempo de espera para el inicio del tratamiento en cáncer de mama
B6: ANALISIS
B8: SEMESTRE EVALUADOS | F8: I SEMESTRE | J8: II SEMESTRE | L8: AÑO
B10: VALOR OBTENIDO | F10: I SEMESTRE | J10: II SEMESTRE
B12: VALOR DE REFERENCIA
B14: DISTANCIA DE LA META
B16: PRIORIZACIÓN DEL RESULTADO DEL INDICADOR | D16: =VLOOKUP(D2,PRIORIZACION[[#All],[CODIGO]:[CATEGORIA DE SEVERIDAD]],7,FALSE) -> #N/A
B18: ACCIONES DE CAUSAS
B20: METODO A UTILIZAR
B22: PROCESO(S) PARA MEJORAR
B24: TENDENCIA DEL INDICADOR
B26: ACCIONES DE MEJORA
B28: ACCIÓN | D28: AREA DE INTERVENCIÓN | F28: RESPONSABLE | H28: FECHA DE INICIO | J28: FECHA DE FIN | L28: AVANCE DE LA ACCIÓN | N28: COMENTARIOS

Sheet P123
B2: CODIGO | D2: P.1.23 | F2: NOMBRE DEL INDICADOR | H2: =VLOOKUP(D2,INDICADORES!A2:C56,3,FALSE) -> Proporción de mujeres entre 25 y 69 años con toma de citología en el último año
B4: DEFINICIÓN | D4: =VLOOKUP(D2,INDICADORES!A2:D56,4,FALSE) -> Expresa el número de mujeres con toma de citología en el último año entre la población femenina de 25- 69 años asignada a la IPS.
B6: ANALISIS
B8: SEMESTRE EVALUADOS | F8: I SEMESTRE | J8: II SEMESTRE | L8: AÑO
B10: VALOR OBTENIDO | F10: I SEMESTRE | J10: II SEMESTRE
B12: VALOR DE REFERENCIA
B14: DISTANCIA DE LA META
B16: PRIORIZACIÓN DEL RESULTADO DEL INDICADOR | D16: =VLOOKUP(D2,PRIORIZACION[[#All],[CODIGO]:[CATEGORIA DE SEVERIDAD]],7,FALSE) -> #N/A
B18: ACCIONES DE CAUSAS
B20: METODO A UTILIZAR
B22: PROCESO(S) PARA MEJORAR
B24: TENDENCIA DEL INDICADOR
B26: ACCIONES DE MEJORA
B28: ACCIÓN | D28: AREA DE INTERVENCIÓN | F28: RESPONSABLE | H28: FECHA DE INICIO | J28: FECHA DE FIN | L28: AVANCE DE LA ACCIÓN | N28: COMENTARIOS

Sheet P124
B2: CODIGO | D2: P.1.24 | F2: NOMBRE DEL INDICADOR | H2: =VLOOKUP(D2,INDICADORES!A2:C56,3,FALSE) -> Tiempo promedio de espera entre el diagnóstico probable y el diagnóstico definitivo Leucemia Aguda Pediátrica (LAP) en menores de 18 años
B4: DEFINICIÓN | D4: =VLOOKUP(D2,INDICADORES!A2:D56,4,FALSE) -> Expresa el tiempo de espera entre el diagnóstico probable y el diagnóstico definitivo de LAP enmenores de 18 años.
B6: ANALISIS
B8: SEMESTRE EVALUADOS | F8: I SEMESTRE | J8: II SEMESTRE | L8: AÑO
B10: VALOR OBTENIDO | F10: I SEMESTRE | J10: II SEMESTRE
B12: VALOR DE REFERENCIA
B14: DISTANCIA DE LA META
B16: PRIORIZACIÓN DEL RESULTADO DEL INDICADOR | D16: =VLOOKUP(D2,PRIORIZACION[[#All],[CODIGO]:[CATEGORIA DE SEVERIDAD]],7,FALSE) -> #N/A
B18: ACCIONES DE CAUSAS
B20: METODO A UTILIZAR
B22: PROCESO(S) PARA MEJORAR
B24: TENDENCIA DEL INDICADOR
B26: ACCIONES DE MEJORA
B28: ACCIÓN | D28: AREA DE INTERVENCIÓN | F28: RESPONSABLE | H28: FECHA DE INICIO | J28: FECHA DE FIN | L28: AVANCE DE LA ACCIÓN | N28: COMENTARIOS

Sheet P125
B2: CODIGO | D2: P.1.25 | F2: NOMBRE DEL INDICADOR | H2: =VLOOKUP(D2,INDICADORES!A2:C56,3,FALSE) -> Proporción de menores de 18 años que cumplen el estándar de 5 días para el inicio de tratamiento de Leucemia Aguda Pediátrica-LAP
B4: DEFINICIÓN | D4: =VLOOKUP(D2,INDICADORES!A2:D56,4,FALSE) -> Expresa la proporción de menores de 18 años que cumplen con el estándar de 5 días para el inicio de tratamiento de LAP
B6: ANALISIS
B8: SEMESTRE EVALUADOS | F8: I SEMESTRE | J8: II SEMESTRE | L8: AÑO
B10: VALOR OBTENIDO | F10: I SEMESTRE | J10: II SEMESTRE
B12: VALOR DE REFERENCIA
B14: DISTANCIA DE LA META
B16: PRIORIZACIÓN DEL RESULTADO DEL INDICADOR | D16: =VLOOKUP(D2,PRIORIZACION[[#All],[CODIGO]:[CATEGORIA DE SEVERIDAD]],7,FALSE) -> #N/A
B18: ACCIONES DE CAUSAS
B20: METODO A UTILIZAR
B22: PROCESO(S) PARA MEJORAR
B24: TENDENCIA DEL INDICADOR
B26: ACCIONES DE MEJORA
B28: ACCIÓN | D28: AREA DE INTERVENCIÓN | F28: RESPONSABLE | H28: FECHA DE INICIO | J28: FECHA DE FIN | L28: AVANCE DE LA ACCIÓN | N28: COMENTARIOS

Sheet P21
B2: CODIGO | D2: P.2.1 | F2: NOMBRE DEL INDICADOR | H2: =VLOOKUP(D2,INDICADORES!A2:C56,3,FALSE) -> Tasa de Incidencia de Neumonía Asociada a Ventilador Mecánico (NAV)
B4: DEFINICIÓN | D4: =VLOOKUP(D2,INDICADORES!A2:D56,4,FALSE) -> Es un estimador del riesgo de NAV en la población de pacientes con ventilador mecánico en la Unidad de Cuidado Intensivo-UCI
B6: ANALISIS
B8: SEMESTRE EVALUADOS | F8: I SEMESTRE | J8: II SEMESTRE | L8: AÑO
B10: VALOR OBTENIDO | F10: I SEMESTRE | J10: II SEMESTRE
B12: VALOR DE REFERENCIA
B14: DISTANCIA DE LA META
B16: PRIORIZACIÓN DEL RESULTADO DEL INDICADOR | D16: =VLOOKUP(D2,PRIORIZACION[[#All],[CODIGO]:[CATEGORIA DE SEVERIDAD]],7,FALSE) -> #N/A
B18: ACCIONES DE CAUSAS
B20: METODO A UTILIZAR
B22: PROCESO(S) PARA MEJORAR
B24: TENDENCIA DEL INDICADOR
B26: ACCIONES DE MEJORA
B28: ACCIÓN | D28: AREA DE INTERVENCIÓN | F28: RESPONSABLE | H28: FECHA DE INICIO | J28: FECHA DE FIN | L28: AVANCE DE LA ACCIÓN | N28: COMENTARIOS

Sheet P22
B2: CODIGO | D2: P.2.2 | F2: NOMBRE DEL INDICADOR | H2: =VLOOKUP(D2,INDICADORES!A2:C56,3,FALSE) -> Tasa de Incidencia de Infección del Tracto Urinario Asociada a Catéter (ISTU-AC)
B4: DEFINICIÓN | D4: =VLOOKUP(D2,INDICADORES!A2:D56,4,FALSE) -> Es un estimador del riesgo de ISTU-AC en la población de pacientes con catéter urinario en la Unidad de Cuidado Intensivo-UCI
B6: ANALISIS
B8: SEMESTRE EVALUADOS | F8: I SEMESTRE | J8: II SEMESTRE | L8: AÑO
B10: VALOR OBTENIDO | F10: I SEMESTRE | J10: II SEMESTRE
B12: VALOR DE REFERENCIA
B14: DISTANCIA DE LA META
B16: PRIORIZACIÓN DEL RESULTADO DEL INDICADOR | D16: =VLOOKUP(D2,PRIORIZACION[[#All],[CODIGO]:[CATEGORIA DE SEVERIDAD]],7,FALSE) -> #N/A
B18: ACCIONES DE CAUSAS
B20: METODO A UTILIZAR
B22: PROCESO(S) PARA MEJORAR
B24: TENDENCIA DEL INDICADOR
B26: ACCIONES DE MEJORA
B28: ACCIÓN | D28: AREA DE INTERVENCIÓN | F28: RESPONSABLE | H28: FECHA DE INICIO | J28: FECHA DE FIN | L28: AVANCE DE LA ACCIÓN | N28: COMENTARIOS

Sheet P23
B2: CODIGO | D2: P.2.3 | F2: NOMBRE DEL INDICADOR | H2: =VLOOKUP(D2,INDICADORES!A2:C56,3,FALSE) -> Tasa de Incidencia de Infección del Torrente Sanguíneo Asociada a Catéter (ITS- AC)
B4: DEFINICIÓN | D4: =VLOOKUP(D2,INDICADORES!A2:D56,4,FALSE) -> Es un estimador del riesgo de ITS-AC en la población de pacientes con catéter central en la Unidad de Cuidado Intensivo-UCI
B6: ANALISIS
B8: SEMESTRE EVALUADOS | F8: I SEMESTRE | J8: II SEMESTRE | L8: AÑO
B10: VALOR OBTENIDO | F10: I SEMESTRE | J10: II SEMESTRE
B12: VALOR DE REFERENCIA
B14: DISTANCIA DE LA META
B16: PRIORIZACIÓN DEL RESULTADO DEL INDICADOR | D16: =VLOOKUP(D2,PRIORIZACION[[#All],[CODIGO]:[CATEGORIA DE SEVERIDAD]],7,FALSE) -> #N/A
B18: ACCIONES DE CAUSAS
B20: METODO A UTILIZAR
B22: PROCESO(S) PARA MEJORAR
B24: TENDENCIA DEL INDICADOR
B26: ACCIONES DE MEJORA
B28: ACCIÓN | D28: AREA DE INTERVENCIÓN | F28: RESPONSABLE | H28: FECHA DE INICIO | J28: FECHA DE FIN | L28: AVANCE DE LA ACCIÓN | N28: COMENTARIOS

Sheet P24
B2: CODIGO | D2: P.2.4 | F2: NOMBRE DEL INDICADOR | H2: =VLOOKUP(D2,INDICADORES!A2:C56,3,FALSE) -> Proporción de endometritis pos parto vaginal
B4: DEFINICIÓN | D4: =VLOOKUP(D2,INDICADORES!A2:D56,4,FALSE) -> Es un estimador del riesgo de endometritis pos parto en las gestantes atendidos en la institucion en un mes de seguimiento
B6: ANALISIS
B8: SEMESTRE EVALUADOS | F8: I SEMESTRE | J8: II SEMESTRE | L8: AÑO
B10: VALOR OBTENIDO | F10: I SEMESTRE | J10: II SEMESTRE
B12: VALOR DE REFERENCIA
B14: DISTANCIA DE LA META
B16: PRIORIZACIÓN DEL RESULTADO DEL INDICADOR | D16: =VLOOKUP(D2,PRIORIZACION[[#All],[CODIGO]:[CATEGORIA DE SEVERIDAD]],7,FALSE) -> #N/A
B18: ACCIONES DE CAUSAS
B20: METODO A UTILIZAR
B22: PROCESO(S) PARA MEJORAR
B24: TENDENCIA DEL INDICADOR
B26: ACCIONES DE MEJORA
B28: ACCIÓN | D28: AREA DE INTERVENCIÓN | F28: RESPONSABLE | H28: FECHA DE INICIO | J28: FECHA DE FIN | L28: AVANCE DE LA ACCIÓN | N28: COMENTARIOS

Sheet P25
B2: CODIGO | D2: P.2.5 | F2: NOMBRE DEL INDICADOR | H2: =VLOOKUP(D2,INDICADORES!A2:C56,3,FALSE) -> Proporción de endometritis pos cesárea
B4: DEFINICIÓN | D4: =VLOOKUP(D2,INDICADORES!A2:D56,4,FALSE) -> Es un estimador de riesgo de endometritis pos cesárea en las gestantes atendidas en la institucion en un mes de seguimiento
B6: ANALISIS
B8: SEMESTRE EVALUADOS | F8: I SEMESTRE | J8: II SEMESTRE | L8: AÑO
B10: VALOR OBTENIDO | F10: I SEMESTRE | J10: II SEMESTRE
B12: VALOR DE REFERENCIA
B14: DISTANCIA DE LA META
B16: PRIORIZACIÓN DEL RESULTADO DEL INDICADOR | D16: =VLOOKUP(D2,PRIORIZACION[[#All],[CODIGO]:[CATEGORIA DE SEVERIDAD]],7,FALSE) -> #N/A
B18: ACCIONES DE CAUSAS
B20: METODO A UTILIZAR
B22: PROCESO(S) PARA MEJORAR
B24: TENDENCIA DEL INDICADOR
B26: ACCIONES DE MEJORA
B28: ACCIÓN | D28: AREA DE INTERVENCIÓN | F28: RESPONSABLE | H28: FECHA DE INICIO | J28: FECHA DE FIN | L28: AVANCE DE LA ACCIÓN | N28: COMENTARIOS

Sheet P26
B2: CODIGO | D2: P.2.6 | F2: NOMBRE DEL INDICADOR | H2: =VLOOKUP(D2,INDICADORES!A2:C56,3,FALSE) -> Tasa de caída de pacientes en el servicio de hospitalización
B4: DEFINICIÓN | D4: =VLOOKUP(D2,INDICADORES!A2:D56,4,FALSE) -> Es un estimador de las caídas de pacientes en hospitalización en un mes de seguimiento
B6: ANALISIS
B8: SEMESTRE EVALUADOS | F8: I SEMESTRE | J8: II SEMESTRE | L8: AÑO
B10: VALOR OBTENIDO | F10: I SEMESTRE | J10: II SEMESTRE
B12: VALOR DE REFERENCIA
B14: DISTANCIA DE LA META
B16: PRIORIZACIÓN DEL RESULTADO DEL INDICADOR | D16: =VLOOKUP(D2,PRIORIZACION[[#All],[CODIGO]:[CATEGORIA DE SEVERIDAD]],7,FALSE) -> #N/A
B18: ACCIONES DE CAUSAS
B20: METODO A UTILIZAR
B22: PROCESO(S) PARA MEJORAR
B24: TENDENCIA DEL INDICADOR
B26: ACCIONES DE MEJORA
B28: ACCIÓN | D28: AREA DE INTERVENCIÓN | F28: RESPONSABLE | H28: FECHA DE INICIO | J28: FECHA DE FIN | L28: AVANCE DE LA ACCIÓN | N28: COMENTARIOS

Sheet P27
B2: CODIGO | D2: P.2.7 | F2: NOMBRE DEL INDICADOR | H2: =VLOOKUP(D2,INDICADORES!A2:C56,3,FALSE) -> Tasa de caída de pacientes en el servicio de urgencias
B4: DEFINICIÓN | D4: =VLOOKUP(D2,INDICADORES!A2:D56,4,FALSE) -> Es un estimador de las caídas de pacientes en urgencias en un mes de seguimiento.
B6: ANALISIS
B8: SEMESTRE EVALUADOS | F8: I SEMESTRE | J8: II SEMESTRE | L8: AÑO
B10: VALOR OBTENIDO | F10: I SEMESTRE | J10: II SEMESTRE
B12: VALOR DE REFERENCIA
B14: DISTANCIA DE LA META
B16: PRIORIZACIÓN DEL RESULTADO DEL INDICADOR | D16: =VLOOKUP(D2,PRIORIZACION[[#All],[CODIGO]:[CATEGORIA DE SEVERIDAD]],7,FALSE) -> #N/A
B18: ACCIONES DE CAUSAS
B20: METODO A UTILIZAR
B22: PROCESO(S) PARA MEJORAR
B24: TENDENCIA DEL INDICADOR
B26: ACCIONES DE MEJORA
B28: ACCIÓN | D28: AREA DE INTERVENCIÓN | F28: RESPONSABLE | H28: FECHA DE INICIO | J28: FECHA DE FIN | L28: AVANCE DE LA ACCIÓN | N28: COMENTARIOS

Sheet P28
B2: CODIGO | D2: P.2.8 | F2: NOMBRE DEL INDICADOR | H2: =VLOOKUP(D2,INDICADORES!A2:C56,3,FALSE) -> Tasa de caída de pacientes en el servicio de consulta externa
B4: DEFINICIÓN | D4: =VLOOKUP(D2,INDICADORES!A2:D56,4,FALSE) -> Es un estimador de las caídas de pacientes en consulta externa en un mes de seguimiento.
B6: ANALISIS
B8: SEMESTRE EVALUADOS | F8: I SEMESTRE | J8: II SEMESTRE | L8: AÑO
B10: VALOR OBTENIDO | F10: I SEMESTRE | J10: II SEMESTRE
B12: VALOR DE REFERENCIA
B14: DISTANCIA DE LA META
B16: PRIORIZACIÓN DEL RESULTADO DEL INDICADOR | D16: =VLOOKUP(D2,PRIORIZACION[[#All],[CODIGO]:[CATEGORIA DE SEVERIDAD]],7,FALSE) -> #N/A
B18: ACCIONES DE CAUSAS
B20: METODO A UTILIZAR
B22: PROCESO(S) PARA MEJORAR
B24: TENDENCIA DEL INDICADOR
B26: ACCIONES DE MEJORA
B28: ACCIÓN | D28: AREA DE INTERVENCIÓN | F28: RESPONSABLE | H28: FECHA DE INICIO | J28: FECHA DE FIN | L28: AVANCE DE LA ACCIÓN | N28: COMENTARIOS

Sheet P29
B2: CODIGO | D2: P.2.9 | F2: NOMBRE DEL INDICADOR | H2: =VLOOKUP(D2,INDICADORES!A2:C56,3,FALSE) -> Tasa de caída de pacientes en el servicio de Apoyo Diagnóstico y Complementación Terapéutica
B4: DEFINICIÓN | D4: =VLOOKUP(D2,INDICADORES!A2:D56,4,FALSE) -> Es un estimador de las caídas de pacientes en Apoyo Diagnóstico y Complementación Terapéutica en un mes de seguimiento.
B6: ANALISIS
B8: SEMESTRE EVALUADOS | F8: I SEMESTRE | J8: II SEMESTRE | L8: AÑO
B10: VALOR OBTENIDO | F10: I SEMESTRE | J10: II SEMESTRE
B12: VALOR DE REFERENCIA
B14: DISTANCIA DE LA META
B16: PRIORIZACIÓN DEL RESULTADO DEL INDICADOR | D16: =VLOOKUP(D2,PRIORIZACION[[#All],[CODIGO]:[CATEGORIA DE SEVERIDAD]],7,FALSE) -> #N/A
B18: ACCIONES DE CAUSAS
B20: METODO A UTILIZAR
B22: PROCESO(S) PARA MEJORAR
B24: TENDENCIA DEL INDICADOR
B26: ACCIONES DE MEJORA
B28: ACCIÓN | D28: AREA DE INTERVENCIÓN | F28: RESPONSABLE | H28: FECHA DE INICIO | J28: FECHA DE FIN | L28: AVANCE DE LA ACCIÓN | N28: COMENTARIOS

Sheet P210
B2: CODIGO | D2: P.2.10 | F2: NOMBRE DEL INDICADOR | H2: =VLOOKUP(D2,INDICADORES!A2:C56,3,FALSE) -> Proporción de eventos adversos relacionados con la administración de medicamentos en hospitalización
B4: DEFINICIÓN | D4: =VLOOKUP(D2,INDICADORES!A2:D56,4,FALSE) -> Expresa el número de eventos adversos relacionados con la administración de medicamentos en el servicio de hospitalización.
B6: ANALISIS
B8: SEMESTRE EVALUADOS | F8: I SEMESTRE | J8: II SEMESTRE | L8: AÑO
B10: VALOR OBTENIDO | F10: I SEMESTRE | J10: II SEMESTRE
B12: VALOR DE REFERENCIA
B14: DISTANCIA DE LA META
B16: PRIORIZACIÓN DEL RESULTADO DEL INDICADOR | D16: =VLOOKUP(D2,PRIORIZACION[[#All],[CODIGO]:[CATEGORIA DE SEVERIDAD]],7,FALSE) -> #N/A
B18: ACCIONES DE CAUSAS
B20: METODO A UTILIZAR
B22: PROCESO(S) PARA MEJORAR
B24: TENDENCIA DEL INDICADOR
B26: ACCIONES DE MEJORA
B28: ACCIÓN | D28: AREA DE INTERVENCIÓN | F28: RESPONSABLE | H28: FECHA DE INICIO | J28: FECHA DE FIN | L28: AVANCE DE LA ACCIÓN | N28: COMENTARIOS

Sheet P211
B2: CODIGO | D2: P.2.11 | F2: NOMBRE DEL INDICADOR | H2: =VLOOKUP(D2,INDICADORES!A2:C56,3,FALSE) -> Proporción de eventos adversos relacionados con la administración de medicamentos en urgencias
B4: DEFINICIÓN | D4: =VLOOKUP(D2,INDICADORES!A2:D56,4,FALSE) -> Expresa el número de eventos adversos relacionados con la administración de medicamentos en el servicio de urgencias.
B6: ANALISIS
B8: SEMESTRE EVALUADOS | F8: I SEMESTRE | J8: II SEMESTRE | L8: AÑO
B10: VALOR OBTENIDO | F10: I SEMESTRE | J10: II SEMESTRE
B12: VALOR DE REFERENCIA
B14: DISTANCIA DE LA META
B16: PRIORIZACIÓN DEL RESULTADO DEL INDICADOR | D16: =VLOOKUP(D2,PRIORIZACION[[#All],[CODIGO]:[CATEGORIA DE SEVERIDAD]],7,FALSE) -> #N/A
B18: ACCIONES DE CAUSAS
B20: METODO A UTILIZAR
B22: PROCESO(S) PARA MEJORAR
B24: TENDENCIA DEL INDICADOR
B26: ACCIONES DE MEJORA
B28: ACCIÓN | D28: AREA DE INTERVENCIÓN | F28: RESPONSABLE | H28: FECHA DE INICIO | J28: FECHA DE FIN | L28: AVANCE DE LA ACCIÓN | N28: COMENTARIOS

Sheet P212
B2: CODIGO | D2: P.2.12 | F2: NOMBRE DEL INDICADOR | H2: =VLOOKUP(D2,INDICADORES!A2:C56,3,FALSE) -> Tasa de úlceras por presión.
B4: DEFINICIÓN | D4: =VLOOKUP(D2,INDICADORES!A2:D56,4,FALSE) -> Expresa el número de pacientes hospitalizados que durante su permanencia desarrollaron úlceras por presión en un periodo determinado
B6: ANALISIS
B8: SEMESTRE EVALUADOS | F8: I SEMESTRE | J8: II SEMESTRE | L8: AÑO
B10: VALOR OBTENIDO | F10: I SEMESTRE | J10: II SEMESTRE
B12: VALOR DE REFERENCIA
B14: DISTANCIA DE LA META
B16: PRIORIZACIÓN DEL RESULTADO DEL INDICADOR | D16: =VLOOKUP(D2,PRIORIZACION[[#All],[CODIGO]:[CATEGORIA DE SEVERIDAD]],7,FALSE) -> #N/A
B18: ACCIONES DE CAUSAS
B20: METODO A UTILIZAR
B22: PROCESO(S) PARA MEJORAR
B24: TENDENCIA DEL INDICADOR
B26: ACCIONES DE MEJORA
B28: ACCIÓN | D28: AREA DE INTERVENCIÓN | F28: RESPONSABLE | H28: FECHA DE INICIO | J28: FECHA DE FIN | L28: AVANCE DE LA ACCIÓN | N28: COMENTARIOS

Sheet P213
B2: CODIGO | D2: P.2.13 | F2: NOMBRE DEL INDICADOR | H2: =VLOOKUP(D2,INDICADORES!A2:C56,3,FALSE) -> Proporción de reingreso de pacientes al servicio de Urgencias en menos de 72 horas.
B4: DEFINICIÓN | D4: =VLOOKUP(D2,INDICADORES!A2:D56,4,FALSE) -> Expresa la proporción de pacientes atendidos en urgencias que reingresan al mismo servicio de la misma institución por el mismo diagnóstico de egreso dentro de las 72 horas posteriores dado de alta
B6: ANALISIS
B8: SEMESTRE EVALUADOS | F8: I SEMESTRE | J8: II SEMESTRE | L8: AÑO
B10: VALOR OBTENIDO | F10: I SEMESTRE | J10: II SEMESTRE
B12: VALOR DE REFERENCIA
B14: DISTANCIA DE LA META
B16: PRIORIZACIÓN DEL RESULTADO DEL INDICADOR | D16: =VLOOKUP(D2,PRIORIZACION[[#All],[CODIGO]:[CATEGORIA DE SEVERIDAD]],7,FALSE) -> #N/A
B18: ACCIONES DE CAUSAS
B20: METODO A UTILIZAR
B22: PROCESO(S) PARA MEJORAR
B24: TENDENCIA DEL INDICADOR
B26: ACCIONES DE MEJORA
B28: ACCIÓN | D28: AREA DE INTERVENCIÓN | F28: RESPONSABLE | H28: FECHA DE INICIO | J28: FECHA DE FIN | L28: AVANCE DE LA ACCIÓN | N28: COMENTARIOS

Sheet P214
B2: CODIGO | D2: P.2.14 | F2: NOMBRE DEL INDICADOR | H2: =VLOOKUP(D2,INDICADORES!A2:C56,3,FALSE) -> Tasa de reingreso de pacientes hospitalizados en menos de 15 días
B4: DEFINICIÓN | D4: =VLOOKUP(D2,INDICADORES!A2:D56,4,FALSE) -> Expresa la proporción de reingresos de pacientes hospitalizados en menos de 15 días, en un periodo determinado.
B6: ANALISIS
B8: SEMESTRE EVALUADOS | F8: I SEMESTRE | J8: II SEMESTRE | L8: AÑO
B10: VALOR OBTENIDO | F10: I SEMESTRE | J10: II SEMESTRE
B12: VALOR DE REFERENCIA
B14: DISTANCIA DE LA META
B16: PRIORIZACIÓN DEL RESULTADO DEL INDICADOR | D16: =VLOOKUP(D2,PRIORIZACION[[#All],[CODIGO]:[CATEGORIA DE SEVERIDAD]],7,FALSE) -> #N/A
B18: ACCIONES DE CAUSAS
B20: METODO A UTILIZAR
B22: PROCESO(S) PARA MEJORAR
B24: TENDENCIA DEL INDICADOR
B26: ACCIONES DE MEJORA
B28: ACCIÓN | D28: AREA DE INTERVENCIÓN | F28: RESPONSABLE | H28: FECHA DE INICIO | J28: FECHA DE FIN | L28: AVANCE DE LA ACCIÓN | N28: COMENTARIOS

Sheet P215
B2: CODIGO | D2: P.2.15 | F2: NOMBRE DEL INDICADOR | H2: =VLOOKUP(D2,INDICADORES!A2:C56,3,FALSE) -> Proporción de cancelación de cirugía
B4: DEFINICIÓN | D4: =VLOOKUP(D2,INDICADORES!A2:D56,4,FALSE) -> Expresa la proporción de cirugías programadas en quirófano que son canceladas por causas atribuibles a la institución.
B6: ANALISIS
B8: SEMESTRE EVALUADOS | F8: I SEMESTRE | J8: II SEMESTRE | L8: AÑO
B10: VALOR OBTENIDO | F10: I SEMESTRE | J10: II SEMESTRE
B12: VALOR DE REFERENCIA
B14: DISTANCIA DE LA META
B16: PRIORIZACIÓN DEL RESULTADO DEL INDICADOR | D16: =VLOOKUP(D2,PRIORIZACION[[#All],[CODIGO]:[CATEGORIA DE SEVERIDAD]],7,FALSE) -> #N/A
B18: ACCIONES DE CAUSAS
B20: METODO A UTILIZAR
B22: PROCESO(S) PARA MEJORAR
B24: TENDENCIA DEL INDICADOR
B26: ACCIONES DE MEJORA
B28: ACCIÓN | D28: AREA DE INTERVENCIÓN | F28: RESPONSABLE | H28: FECHA DE INICIO | J28: FECHA DE FIN | L28: AVANCE DE LA ACCIÓN | N28: COMENTARIOS

Sheet P31
B2: CODIGO | D2: P.3.1 | F2: NOMBRE DEL INDICADOR | H2: =VLOOKUP(D2,INDICADORES!A2:C56,3,FALSE) -> Tiempo promedio de espera para la asignación de cita de Medicina General
B4: DEFINICIÓN | D4: =VLOOKUP(D2,INDICADORES!A2:D56,4,FALSE) -> Expresa el tiempo de espera en días calendario, que transcurren entre la fecha de solicitud de la cita para consulta por Medicina General de primera vez por parte del paciente/usuario a la IPS y la fecha en que es asignada.
B6: ANALISIS
B8: SEMESTRE EVALUADOS | F8: I SEMESTRE | J8: II SEMESTRE | L8: AÑO
B10: VALOR OBTENIDO | F10: I SEMESTRE | J10: II SEMESTRE
B12: VALOR DE REFERENCIA
B14: DISTANCIA DE LA META
B16: PRIORIZACIÓN DEL RESULTADO DEL INDICADOR | D16: =VLOOKUP(D2,PRIORIZACION[[#All],[CODIGO]:[CATEGORIA DE SEVERIDAD]],7,FALSE) -> #N/A
B18: ACCIONES DE CAUSAS
B20: METODO A UTILIZAR
B22: PROCESO(S) PARA MEJORAR
B24: TENDENCIA DEL INDICADOR
B26: ACCIONES DE MEJORA
B28: ACCIÓN | D28: AREA DE INTERVENCIÓN | F28: RESPONSABLE | H28: FECHA DE INICIO | J28: FECHA DE FIN | L28: AVANCE DE LA ACCIÓN | N28: COMENTARIOS

Sheet P32
B2: CODIGO | D2: P.3.2 | F2: NOMBRE DEL INDICADOR | H2: =VLOOKUP(D2,INDICADORES!A2:C56,3,FALSE) -> Tiempo promedio de espera para la asignación de cita de Odontología General
B4: DEFINICIÓN | D4: =VLOOKUP(D2,INDICADORES!A2:D56,4,FALSE) -> Expresa el tiempo de espera en días calendario, que transcurren entre la fecha de solicitud de la cita para consulta por Odontología General de primera vez por parte del paciente/usuario a la IPS y la fecha en que es asignada
B6: ANALISIS
B8: SEMESTRE EVALUADOS | F8: I SEMESTRE | J8: II SEMESTRE | L8: AÑO
B10: VALOR OBTENIDO | F10: I SEMESTRE | J10: II SEMESTRE
B12: VALOR DE REFERENCIA
B14: DISTANCIA DE LA META
B16: PRIORIZACIÓN DEL RESULTADO DEL INDICADOR | D16: =VLOOKUP(D2,PRIORIZACION[[#All],[CODIGO]:[CATEGORIA DE SEVERIDAD]],7,FALSE) -> #N/A
B18: ACCIONES DE CAUSAS
B20: METODO A UTILIZAR
B22: PROCESO(S) PARA MEJORAR
B24: TENDENCIA DEL INDICADOR
B26: ACCIONES DE MEJORA
B28: ACCIÓN | D28: AREA DE INTERVENCIÓN | F28: RESPONSABLE | H28: FECHA DE INICIO | J28: FECHA DE FIN | L28: AVANCE DE LA ACCIÓN | N28: COMENTARIOS

Sheet P33
B2: CODIGO | D2: P.3.3 | F2: NOMBRE DEL INDICADOR | H2: =VLOOKUP(D2,INDICADORES!A2:C56,3,FALSE) -> Tiempo promedio de espera para la asignación de cita de Medicina Interna
B4: DEFINICIÓN | D4: =VLOOKUP(D2,INDICADORES!A2:D56,4,FALSE) -> Expresa el tiempo de espera en días calendario, que transcurren entre la fecha de solicitud de la cita para consulta por Medicina Interna de primera vez por parte del paciente/usuario a la IPS y la fecha en que es asignada
B6: ANALISIS
B8: SEMESTRE EVALUADOS | F8: I SEMESTRE | J8: II SEMESTRE | L8: AÑO
B10: VALOR OBTENIDO | F10: I SEMESTRE | J10: II SEMESTRE
B12: VALOR DE REFERENCIA
B14: DISTANCIA DE LA META
B16: PRIORIZACIÓN DEL RESULTADO DEL INDICADOR | D16: =VLOOKUP(D2,PRIORIZACION[[#All],[CODIGO]:[CATEGORIA DE SEVERIDAD]],7,FALSE) -> #N/A
B18: ACCIONES DE CAUSAS
B20: METODO A UTILIZAR
B22: PROCESO(S) PARA MEJORAR
B24: TENDENCIA DEL INDICADOR
B26: ACCIONES DE MEJORA
B28: ACCIÓN | D28: AREA DE INTERVENCIÓN | F28: RESPONSABLE | H28: FECHA DE INICIO | J28: FECHA DE FIN | L28: AVANCE DE LA ACCIÓN | N28: COMENTARIOS

Sheet P34
B2: CODIGO | D2: P.3.4 | F2: NOMBRE DEL INDICADOR | H2: =VLOOKUP(D2,INDICADORES!A2:C56,3,FALSE) -> Tiempo promedio de espera para la asignación de cita de Pediatría
B4: DEFINICIÓN | D4: =VLOOKUP(D2,INDICADORES!A2:D56,4,FALSE) -> Expresa el tiempo de espera en días calendario, que transcurren entre la fecha de solicitud de la cita para consulta por Pediatría de primera vez por parte del paciente/usuario a la IPS y la fecha en que es asignada.
B6: ANALISIS
B8: SEMESTRE EVALUADOS | F8: I SEMESTRE | J8: II SEMESTRE | L8: AÑO
B10: VALOR OBTENIDO | F10: I SEMESTRE | J10: II SEMESTRE
B12: VALOR DE REFERENCIA
B14: DISTANCIA DE LA META
B16: PRIORIZACIÓN DEL RESULTADO DEL INDICADOR | D16: =VLOOKUP(D2,PRIORIZACION[[#All],[CODIGO]:[CATEGORIA DE SEVERIDAD]],7,FALSE) -> #N/A
B18: ACCIONES DE CAUSAS
B20: METODO A UTILIZAR
B22: PROCESO(S) PARA MEJORAR
B24: TENDENCIA DEL INDICADOR
B26: ACCIONES DE MEJORA
B28: ACCIÓN | D28: AREA DE INTERVENCIÓN | F28: RESPONSABLE | H28: FECHA DE INICIO | J28: FECHA DE FIN | L28: AVANCE DE LA ACCIÓN | N28: COMENTARIOS

Sheet P35
B2: CODIGO | D2: P.3.5 | F2: NOMBRE DEL INDICADOR | H2: =VLOOKUP(D2,INDICADORES!A2:C56,3,FALSE) -> Tiempo promedio de espera para la asignación de cita de Ginecología
B4: DEFINICIÓN | D4: =VLOOKUP(D2,INDICADORES!A2:D56,4,FALSE) -> Expresa el tiempo de espera en días calendario, que transcurren entre la fecha de solicitud de la cita para consulta por Ginecología de primera vez por parte del paciente/usuario a la IPS y la fecha en que es asignada
B6: ANALISIS
B8: SEMESTRE EVALUADOS | F8: I SEMESTRE | J8: II SEMESTRE | L8: AÑO
B10: VALOR OBTENIDO | F10: I SEMESTRE | J10: II SEMESTRE
B12: VALOR DE REFERENCIA
B14: DISTANCIA DE LA META
B16: PRIORIZACIÓN DEL RESULTADO DEL INDICADOR | D16: =VLOOKUP(D2,PRIORIZACION[[#All],[CODIGO]:[CATEGORIA DE SEVERIDAD]],7,FALSE) -> #N/A
B18: ACCIONES DE CAUSAS
B20: METODO A UTILIZAR
B22: PROCESO(S) PARA MEJORAR
B24: TENDENCIA DEL INDICADOR
B26: ACCIONES DE MEJORA
B28: ACCIÓN | D28: AREA DE INTERVENCIÓN | F28: RESPONSABLE | H28: FECHA DE INICIO | J28: FECHA DE FIN | L28: AVANCE DE LA ACCIÓN | N28: COMENTARIOS

Sheet P36
B2: CODIGO | D2: P.3.6 | F2: NOMBRE DEL INDICADOR | H2: =VLOOKUP(D2,INDICADORES!A2:C56,3,FALSE) -> Tiempo promedio de espera para la asignación de cita de Obstetricia
B4: DEFINICIÓN | D4: =VLOOKUP(D2,INDICADORES!A2:D56,4,FALSE) -> Expresa el tiempo de espera en días calendario, que transcurren entre la fecha de solicitud de la cita para consulta por Obstetricia de primera vez por parte del paciente/usuario a la IPS y la fecha en que es asignada
B6: ANALISIS
B8: SEMESTRE EVALUADOS | F8: I SEMESTRE | J8: II SEMESTRE | L8: AÑO
B10: VALOR OBTENIDO | F10: I SEMESTRE | J10: II SEMESTRE
B12: VALOR DE REFERENCIA
B14: DISTANCIA DE LA META
B16: PRIORIZACIÓN DEL RESULTADO DEL INDICADOR | D16: =VLOOKUP(D2,PRIORIZACION[[#All],[CODIGO]:[CATEGORIA DE SEVERIDAD]],7,FALSE) -> #N/A
B18: ACCIONES DE CAUSAS
B20: METODO A UTILIZAR
B22: PROCESO(S) PARA MEJORAR
B24: TENDENCIA DEL INDICADOR
B26: ACCIONES DE MEJORA
B28: ACCIÓN | D28: AREA DE INTERVENCIÓN | F28: RESPONSABLE | H28: FECHA DE INICIO | J28: FECHA DE FIN | L28: AVANCE DE LA ACCIÓN | N28: COMENTARIOS

Sheet P37
B2: CODIGO | D2: P.3.7 | F2: NOMBRE DEL INDICADOR | H2: =VLOOKUP(D2,INDICADORES!A2:C56,3,FALSE) -> Tiempo promedio de espera para la asignación de cita de Cirugía General
B4: DEFINICIÓN | D4: =VLOOKUP(D2,INDICADORES!A2:D56,4,FALSE) -> Expresa el tiempo de espera en días calendario, que transcurren entre la fecha de solicitud de la cita para consulta por Cirugía General de primera vez por parte del paciente/usuario a la IPS y la fecha en que es asignada
B6: ANALISIS
B8: SEMESTRE EVALUADOS | F8: I SEMESTRE | J8: II SEMESTRE | L8: AÑO
B10: VALOR OBTENIDO | F10: I SEMESTRE | J10: II SEMESTRE
B12: VALOR DE REFERENCIA
B14: DISTANCIA DE LA META
B16: PRIORIZACIÓN DEL RESULTADO DEL INDICADOR | D16: =VLOOKUP(D2,PRIORIZACION[[#All],[CODIGO]:[CATEGORIA DE SEVERIDAD]],7,FALSE) -> #N/A
B18: ACCIONES DE CAUSAS
B20: METODO A UTILIZAR
B22: PROCESO(S) PARA MEJORAR
B24: TENDENCIA DEL INDICADOR
B26: ACCIONES DE MEJORA
B28: ACCIÓN | D28: AREA DE INTERVENCIÓN | F28: RESPONSABLE | H28: FECHA DE INICIO | J28: FECHA DE FIN | L28: AVANCE DE LA ACCIÓN | N28: COMENTARIOS

Sheet P38
B2: CODIGO | D2: P.3.8 | F2: NOMBRE DEL INDICADOR | H2: =VLOOKUP(D2,INDICADORES!A2:C56,3,FALSE) -> Tiempo promedio de espera para la toma de Ecografía
B4: DEFINICIÓN | D4: =VLOOKUP(D2,INDICADORES!A2:D56,4,FALSE) -> Expresa el tiempo de espera en días calendario, que transcurren entre la fecha de solicitud para la toma de una Ecografía por parte del paciente/usuario y la fecha en que es realizada
B6: ANALISIS
B8: SEMESTRE EVALUADOS | F8: I SEMESTRE | J8: II SEMESTRE | L8: AÑO
B10: VALOR OBTENIDO | F10: I SEMESTRE | J10: II SEMESTRE
B12: VALOR DE REFERENCIA
B14: DISTANCIA DE LA META
B16: PRIORIZACIÓN DEL RESULTADO DEL INDICADOR | D16: =VLOOKUP(D2,PRIORIZACION[[#All],[CODIGO]:[CATEGORIA DE SEVERIDAD]],7,FALSE) -> #N/A
B18: ACCIONES DE CAUSAS
B20: METODO A UTILIZAR
B22: PROCESO(S) PARA MEJORAR
B24: TENDENCIA DEL INDICADOR
B26: ACCIONES DE MEJORA
B28: ACCIÓN | D28: AREA DE INTERVENCIÓN | F28: RESPONSABLE | H28: FECHA DE INICIO | J28: FECHA DE FIN | L28: AVANCE DE LA ACCIÓN | N28: COMENTARIOS

Sheet P39
B2: CODIGO | D2: P.3.9 | F2: NOMBRE DEL INDICADOR | H2: =VLOOKUP(D2,INDICADORES!A2:C56,3,FALSE) -> Tiempo promedio de espera para la toma de Resonancia Magnética Nuclear
B4: DEFINICIÓN | D4: =VLOOKUP(D2,INDICADORES!A2:D56,4,FALSE) -> Expresa el tiempo de espera en días calendario, que transcurren entre la fecha de solicitud para la toma de una Resonancia Magnética Nuclear por parte del paciente/usuario y la fecha en que es realizada.
B6: ANALISIS
B8: SEMESTRE EVALUADOS | F8: I SEMESTRE | J8: II SEMESTRE | L8: AÑO
B10: VALOR OBTENIDO | F10: I SEMESTRE | J10: II SEMESTRE
B12: VALOR DE REFERENCIA
B14: DISTANCIA DE LA META
B16: PRIORIZACIÓN DEL RESULTADO DEL INDICADOR | D16: =VLOOKUP(D2,PRIORIZACION[[#All],[CODIGO]:[CATEGORIA DE SEVERIDAD]],7,FALSE) -> #N/A
B18: ACCIONES DE CAUSAS
B20: METODO A UTILIZAR
B22: PROCESO(S) PARA MEJORAR
B24: TENDENCIA DEL INDICADOR
B26: ACCIONES DE MEJORA
B28: ACCIÓN | D28: AREA DE INTERVENCIÓN | F28: RESPONSABLE | H28: FECHA DE INICIO | J28: FECHA DE FIN | L28: AVANCE DE LA ACCIÓN | N28: COMENTARIOS

Sheet P310
B2: CODIGO | D2: P.3.10 | F2: NOMBRE DEL INDICADOR | H2: =VLOOKUP(D2,INDICADORES!A2:C56,3,FALSE) -> Tiempo promedio de espera para la atención del paciente clasificado como Triage 2 en el servicio de urgencias
B4: DEFINICIÓN | D4: =VLOOKUP(D2,INDICADORES!A2:D56,4,FALSE) -> Expresa el tiempo de espera en minutos para el paciente clasificado como Triage 2, en el servicio de urgencias hasta que se inicia la atención en consulta de urgencias por médico.
B6: ANALISIS
B8: SEMESTRE EVALUADOS | F8: I SEMESTRE | J8: II SEMESTRE | L8: AÑO
B10: VALOR OBTENIDO | F10: I SEMESTRE | J10: II SEMESTRE
B12: VALOR DE REFERENCIA
B14: DISTANCIA DE LA META
B16: PRIORIZACIÓN DEL RESULTADO DEL INDICADOR | D16: =VLOOKUP(D2,PRIORIZACION[[#All],[CODIGO]:[CATEGORIA DE SEVERIDAD]],7,FALSE) -> #N/A
B18: ACCIONES DE CAUSAS
B20: METODO A UTILIZAR
B22: PROCESO(S) PARA MEJORAR
B24: TENDENCIA DEL INDICADOR
B26: ACCIONES DE MEJORA
B28: ACCIÓN | D28: AREA DE INTERVENCIÓN | F28: RESPONSABLE | H28: FECHA DE INICIO | J28: FECHA DE FIN | L28: AVANCE DE LA ACCIÓN | N28: COMENTARIOS

Sheet P311
B2: CODIGO | D2: P.3.11 | F2: NOMBRE DEL INDICADOR | H2: =VLOOKUP(D2,INDICADORES!A2:C56,3,FALSE) -> Tiempo promedio de espera para la realización de Cirugía de Cataratas
B4: DEFINICIÓN | D4: =VLOOKUP(D2,INDICADORES!A2:D56,4,FALSE) -> Expresa el tiempo de espera en días calendario, que transcurren entre la fecha de solicitud del paciente para la realización de Cirugía de Cataratas y la fecha en que es programada
B6: ANALISIS
B8: SEMESTRE EVALUADOS | F8: I SEMESTRE | J8: II SEMESTRE | L8: AÑO
B10: VALOR OBTENIDO | F10: I SEMESTRE | J10: II SEMESTRE
B12: VALOR DE REFERENCIA
B14: DISTANCIA DE LA META
B16: PRIORIZACIÓN DEL RESULTADO DEL INDICADOR | D16: =VLOOKUP(D2,PRIORIZACION[[#All],[CODIGO]:[CATEGORIA DE SEVERIDAD]],7,FALSE) -> #N/A
B18: ACCIONES DE CAUSAS
B20: METODO A UTILIZAR
B22: PROCESO(S) PARA MEJORAR
B24: TENDENCIA DEL INDICADOR
B26: ACCIONES DE MEJORA
B28: ACCIÓN | D28: AREA DE INTERVENCIÓN | F28: RESPONSABLE | H28: FECHA DE INICIO | J28: FECHA DE FIN | L28: AVANCE DE LA ACCIÓN | N28: COMENTARIOS

Sheet P312
B2: CODIGO | D2: P.3.12 | F2: NOMBRE DEL INDICADOR | H2: =VLOOKUP(D2,INDICADORES!A2:C56,3,FALSE) -> Tiempo promedio de espera para la realización de Cirugía de Reemplazo de cadera
B4: DEFINICIÓN | D4: =VLOOKUP(D2,INDICADORES!A2:D56,4,FALSE) -> Expresa el tiempo de espera en días calendario, que transcurren entre la fecha de solicitud del paciente al prestador para la realización de Cirugía de Reemplazo de cadera y la fecha en que es realizada.
B6: ANALISIS
B8: SEMESTRE EVALUADOS | F8: I SEMESTRE | J8: II SEMESTRE | L8: AÑO
B10: VALOR OBTENIDO | F10: I SEMESTRE | J10: II SEMESTRE
B12: VALOR DE REFERENCIA
B14: DISTANCIA DE LA META
B16: PRIORIZACIÓN DEL RESULTADO DEL INDICADOR | D16: =VLOOKUP(D2,PRIORIZACION[[#All],[CODIGO]:[CATEGORIA DE SEVERIDAD]],7,FALSE) -> #N/A
B18: ACCIONES DE CAUSAS
B20: METODO A UTILIZAR
B22: PROCESO(S) PARA MEJORAR
B24: TENDENCIA DEL INDICADOR
B26: ACCIONES DE MEJORA
B28: ACCIÓN | D28: AREA DE INTERVENCIÓN | F28: RESPONSABLE | H28: FECHA DE INICIO | J28: FECHA DE FIN | L28: AVANCE DE LA ACCIÓN | N28: COMENTARIOS

Sheet P313
B2: CODIGO | D2: P.3.13 | F2: NOMBRE DEL INDICADOR | H2: =VLOOKUP(D2,INDICADORES!A2:C56,3,FALSE) -> Tiempo promedio de espera para la realización de Cirugía para revascularización miocárdica
B4: DEFINICIÓN | D4: =VLOOKUP(D2,INDICADORES!A2:D56,4,FALSE) -> Expresa el tiempo de espera en días calendario, que transcurren entre la fecha de solicitud del paciente al prestador para la realización de Cirugía de revascularización miocárdica y la fecha en que es realizada.
B6: ANALISIS
B8: SEMESTRE EVALUADOS | F8: I SEMESTRE | J8: II SEMESTRE | L8: AÑO
B10: VALOR OBTENIDO | F10: I SEMESTRE | J10: II SEMESTRE
B12: VALOR DE REFERENCIA
B14: DISTANCIA DE LA META
B16: PRIORIZACIÓN DEL RESULTADO DEL INDICADOR | D16: =VLOOKUP(D2,PRIORIZACION[[#All],[CODIGO]:[CATEGORIA DE SEVERIDAD]],7,FALSE) -> #N/A
B18: ACCIONES DE CAUSAS
B20: METODO A UTILIZAR
B22: PROCESO(S) PARA MEJORAR
B24: TENDENCIA DEL INDICADOR
B26: ACCIONES DE MEJORA
B28: ACCIÓN | D28: AREA DE INTERVENCIÓN | F28: RESPONSABLE | H28: FECHA DE INICIO | J28: FECHA DE FIN | L28: AVANCE DE LA ACCIÓN | N28: COMENTARIOS

Sheet P314
B2: CODIGO | D2: P.3.14 | F2: NOMBRE DEL INDICADOR | H2: =VLOOKUP(D2,INDICADORES!A2:C56,3,FALSE) -> Proporción de Satisfacción Global de los usuarios en la IPS
B4: DEFINICIÓN | D4: =VLOOKUP(D2,INDICADORES!A2:D56,4,FALSE) -> Expresa la proporción de usuarios satisfechos con los servicios recibidos en la IPS
B6: ANALISIS
B8: SEMESTRE EVALUADOS | F8: I SEMESTRE | J8: II SEMESTRE | L8: AÑO
B10: VALOR OBTENIDO | F10: I SEMESTRE | J10: II SEMESTRE
B12: VALOR DE REFERENCIA
B14: DISTANCIA DE LA META
B16: PRIORIZACIÓN DEL RESULTADO DEL INDICADOR | D16: =VLOOKUP(D2,PRIORIZACION[[#All],[CODIGO]:[CATEGORIA DE SEVERIDAD]],7,FALSE) -> #N/A
B18: ACCIONES DE CAUSAS
B20: METODO A UTILIZAR
B22: PROCESO(S) PARA MEJORAR
B24: TENDENCIA DEL INDICADOR
B26: ACCIONES DE MEJORA
B28: ACCIÓN | D28: AREA DE INTERVENCIÓN | F28: RESPONSABLE | H28: FECHA DE INICIO | J28: FECHA DE FIN | L28: AVANCE DE LA ACCIÓN | N28: COMENTARIOS

Sheet P315
B2: CODIGO | D2: P.3.15 | F2: NOMBRE DEL INDICADOR | H2: =VLOOKUP(D2,INDICADORES!A2:C56,3,FALSE) -> Proporción de usuarios que recomendaría su IPS a familiares y amigos
B4: DEFINICIÓN | D4: =VLOOKUP(D2,INDICADORES!A2:D56,4,FALSE) -> Expresa la proporción de usuarios que recomendaría su IPS a familiares y amigos
B6: ANALISIS
B8: SEMESTRE EVALUADOS | F8: I SEMESTRE | J8: II SEMESTRE | L8: AÑO
B10: VALOR OBTENIDO | F10: I SEMESTRE | J10: II SEMESTRE
B12: VALOR DE REFERENCIA
B14: DISTANCIA DE LA META
B16: PRIORIZACIÓN DEL RESULTADO DEL INDICADOR | D16: =VLOOKUP(D2,PRIORIZACION[[#All],[CODIGO]:[CATEGORIA DE SEVERIDAD]],7,FALSE) -> #N/A
B18: ACCIONES DE CAUSAS
B20: METODO A UTILIZAR
B22: PROCESO(S) PARA MEJORAR
B24: TENDENCIA DEL INDICADOR
B26: ACCIONES DE MEJORA
B28: ACCIÓN | D28: AREA DE INTERVENCIÓN | F28: RESPONSABLE | H28: FECHA DE INICIO | J28: FECHA DE FIN | L28: AVANCE DE LA ACCIÓN | N28: COMENTARIOS
